-- phpMyAdmin SQL Dump
-- version 4.5.1
-- http://www.phpmyadmin.net
--
-- Host: 127.0.0.1
-- 생성 시간: 17-03-26 17:55
-- 서버 버전: 10.1.10-MariaDB
-- PHP 버전: 5.5.33

SET SQL_MODE = "NO_AUTO_VALUE_ON_ZERO";
SET time_zone = "+00:00";


/*!40101 SET @OLD_CHARACTER_SET_CLIENT=@@CHARACTER_SET_CLIENT */;
/*!40101 SET @OLD_CHARACTER_SET_RESULTS=@@CHARACTER_SET_RESULTS */;
/*!40101 SET @OLD_COLLATION_CONNECTION=@@COLLATION_CONNECTION */;
/*!40101 SET NAMES utf8mb4 */;

--
-- 데이터베이스: `baogao`
--

-- --------------------------------------------------------

--
-- 테이블 구조 `admin`
--

CREATE TABLE `admin` (
  `id` int(11) NOT NULL,
  `name` varchar(200) NOT NULL,
  `password` varchar(200) NOT NULL,
  `.time` timestamp NOT NULL DEFAULT CURRENT_TIMESTAMP
) ENGINE=InnoDB DEFAULT CHARSET=utf8 COMMENT='관리자 계정 정보';

-- --------------------------------------------------------

--
-- 테이블 구조 `language`
--

CREATE TABLE `language` (
  `id` int(11) NOT NULL,
  `name` varchar(50) NOT NULL COMMENT '이름',
  `english_name` varchar(50) NOT NULL COMMENT '영어 이름',
  `code` varchar(50) NOT NULL COMMENT '언어코드'
) ENGINE=InnoDB DEFAULT CHARSET=utf8;

--
-- 테이블의 덤프 데이터 `language`
--

INSERT INTO `language` (`id`, `name`, `english_name`, `code`) VALUES
(1, '한국어', 'Korean', 'ko-kr'),
(2, 'English(US)', 'English(US)', 'en-us'),
(3, 'English(UK)', 'English(UK)', 'en-gb'),
(4, '简体中文', 'Chinese (Simplified)', 'zh-cn'),
(5, '廣東語', 'Chinese (Cantonese)', 'zh-yue');

-- --------------------------------------------------------

--
-- 테이블 구조 `request`
--

CREATE TABLE `request` (
  `id` int(11) NOT NULL,
  `email` varchar(50) NOT NULL COMMENT '의뢰자 이메일',
  `subject` varchar(200) NOT NULL COMMENT '학수번호',
  `file` varchar(200) NOT NULL COMMENT '의뢰할 파일',
  `context` mediumtext NOT NULL COMMENT '요구사항',
  `file_language` int(11) NOT NULL COMMENT '의뢰 언어번호',
  `school` int(11) NOT NULL COMMENT '학교번호',
  `due` timestamp NOT NULL DEFAULT CURRENT_TIMESTAMP ON UPDATE CURRENT_TIMESTAMP COMMENT '과제 제출시간',
  `original` varchar(200) NOT NULL COMMENT '참고용 원문파일',
  `time` timestamp NOT NULL DEFAULT CURRENT_TIMESTAMP COMMENT '의뢰 제출시간',
  `original_language` int(11) NOT NULL COMMENT '원문 언어번호',
  `name` varchar(200) NOT NULL COMMENT '의뢰자 이름'
) ENGINE=InnoDB DEFAULT CHARSET=utf8;

-- --------------------------------------------------------

--
-- 테이블 구조 `school`
--

CREATE TABLE `school` (
  `id` int(11) NOT NULL,
  `name` varchar(50) NOT NULL COMMENT '학교이름',
  `url` varchar(50) NOT NULL COMMENT 'url에 들어갈 코드',
  `english_name` varchar(50) NOT NULL COMMENT '학교 영어이름',
  `email` varchar(50) NOT NULL,
  `color` varchar(50) NOT NULL
) ENGINE=InnoDB DEFAULT CHARSET=utf8;

--
-- 테이블의 덤프 데이터 `school`
--

INSERT INTO `school` (`id`, `name`, `url`, `english_name`, `email`, `color`) VALUES
(1, '高麗大學', 'korea', 'KOREA UNIVERSITY', 'korea.ac.kr', '#872434'),
(2, '梨花女子大學', 'ewha', 'EWHA WOMANS UNIVERSITY', 'ewha.ac.kr', '#00664F');

-- --------------------------------------------------------

--
-- 테이블 구조 `subject`
--

CREATE TABLE `subject` (
  `id` int(11) NOT NULL,
  `school` int(11) NOT NULL COMMENT '학교번호',
  `code` varchar(50) NOT NULL COMMENT '학수번호',
  `name` varchar(200) NOT NULL COMMENT '과목명'
) ENGINE=InnoDB DEFAULT CHARSET=utf8;

--
-- 테이블의 덤프 데이터 `subject`
--

INSERT INTO `subject` (`id`, `school`, `code`, `name`) VALUES
(1, 2, '10023', '기독교와세계'),
(2, 2, '11095', '나눔리더십'),
(3, 2, '11252', '청춘의자기이해'),
(4, 2, '11253', '나눔의인간학'),
(5, 2, '11254', '관계의미학:사랑과윤리'),
(6, 2, '11255', '호모엠파티쿠스:소통·공감·신뢰'),
(7, 2, '11256', '공존과협력의유토피아'),
(8, 2, '10021', '우리말과글쓰기'),
(9, 2, '10839', '사고력과글쓰기'),
(10, 2, '11178', '논리적사고와글쓰기'),
(11, 2, '11094', '고전읽기와글쓰기'),
(12, 2, '11248', '읽기와쓰기의다이내미즘'),
(13, 2, '11249', '역사와철학으로질문던지기'),
(14, 2, '11250', '사이보그와이미지의권력'),
(15, 2, '11203', '글로벌비즈니스커뮤니케이션'),
(16, 2, '10098', '대학영어'),
(17, 2, '10099', '고급영어'),
(18, 2, '10041', '문학과삶'),
(19, 2, '10543', '한국현대시와삶읽기'),
(20, 2, '10882', '인간과언어'),
(21, 2, '11053', '21세기사회와문학의대화'),
(22, 2, '10768', '신화·상상력·문화'),
(23, 2, '11038', '디지털미디어시대의동아시아문자'),
(24, 2, '10654', '문학과영화'),
(25, 2, '10896', '환상문학의세계'),
(26, 2, '11184', '문학으로함께배우는매체/이야기'),
(27, 2, '11134', '현대영어권문학의동향'),
(28, 2, '10950', '디지털스토리텔링의이해'),
(29, 2, '11165', 'Topics in Multiethnic American Literature'),
(30, 2, '11108', '동아시아문학으로문화읽기'),
(31, 2, '11109', '여행문학과세계인식'),
(32, 2, '11112', '다매체시대의비교문학'),
(33, 2, '11146', '문화로읽는현대시의세계'),
(34, 2, '11147', '사이언스픽션의이해'),
(35, 2, '11148', '문학으로보는사랑의역사'),
(36, 2, '11258', '자연과문학'),
(37, 2, '10883', '한국의문화공간과예술'),
(38, 2, '11055', '옛시와그림의만남'),
(39, 2, '11075', '창조와상상의기술'),
(40, 2, '10892', '표현,예술,그리고시대정신'),
(41, 2, '10100', '예술과사상'),
(42, 2, '10097', '연극의이론과실제'),
(43, 2, '11035', '퍼포먼스인문학: 제의,놀이,연극'),
(44, 2, '10073', '서양음악의이해'),
(45, 2, '10018', '국악의이해'),
(46, 2, '10576', '무용의이해'),
(47, 2, '11084', '시각문화로서미술작품읽기'),
(48, 2, '11135', '사물과예술'),
(49, 2, '10778', '디지털매체와예술'),
(50, 2, '11153', '문화콘텐츠기획의이해'),
(51, 2, '11164', 'Contemporary Photography'),
(52, 2, '10033', '동양미술의이해'),
(53, 2, '10072', '서양미술의이해'),
(54, 2, '10090', '여성과예술'),
(55, 2, '10152', '한국미술의이해'),
(56, 2, '10165', '현대미술사'),
(57, 2, '11113', '여성의몸과창조적움직임'),
(58, 2, '11265', '음악과건강'),
(59, 2, '11107', '21세기의예술과인간'),
(60, 2, '11110', '예술가와그의시대'),
(61, 2, '11054', '연어프로젝트: 한국여성나의뿌리를찾아서'),
(62, 2, '10767', '종교와문화'),
(63, 2, '10769', '모던/포스트모던문화읽기'),
(64, 2, '10149', '한국근현대사'),
(65, 2, '10544', '중국의역사와문화'),
(66, 2, '10545', '근대일본과동아시아'),
(67, 2, '11056', '문화로읽는한국사'),
(68, 2, '11057', '주제로살펴보는서양근현대사'),
(69, 2, '11058', '한국사의새로운이해'),
(70, 2, '11185', '문화와예술을통해본르네상스역사'),
(71, 2, '10034', '동양철학의이해'),
(72, 2, '11041', '인간과철학적사유'),
(73, 2, '11045', '패러다임전환과비판이론'),
(74, 2, '11046', '동서양의인간이해'),
(75, 2, '10108', '인간과종교'),
(76, 2, '10772', '여성과사회정의'),
(77, 2, '11078', '젠더와역사'),
(78, 2, '10581', '인물로읽는한국사'),
(79, 2, '11189', '철학의은유들'),
(80, 2, '11190', 'The Art of Thinking'),
(81, 2, '10886', '동양고전의현대적이해'),
(82, 2, '10887', '현대중국의사회와문화'),
(83, 2, '11039', '키워드로읽는중국문화'),
(84, 2, '10913', '글로벌시대의다문화사회'),
(85, 2, '11068', '글로벌사회변동과쟁점지역연구'),
(86, 2, '10905', '지구촌의사회복지'),
(87, 2, '10181', '환경과인간'),
(88, 2, '10929', '브레인스펙트럼'),
(89, 2, '11114', '인간은왜춤을추는가'),
(90, 2, '11089', '여행과지리:글로벌화의지역탐색'),
(91, 2, '10081', '시민생활과법'),
(92, 2, '10573', '생명윤리와법'),
(93, 2, '11103', '인터넷과법'),
(94, 2, '11104', '죄와벌'),
(95, 2, '11193', '법과젠더'),
(96, 2, '10011', '가족건강과간호'),
(97, 2, '11162', 'Middle Eastern Political Theology: Religious Sources'),
(98, 2, '10074', '성문화연구'),
(99, 2, '10091', '노동과젠더'),
(100, 2, '10094', '여성학'),
(101, 2, '10914', '글로컬시대의아시아여성'),
(102, 2, '10548', '북한주민의문화와생활'),
(103, 2, '10549', '북한정치의이해'),
(104, 2, '10109', '인간발달과가족'),
(105, 2, '11259', 'SDGs시대글로벌보건협력:개발도상국의보건의료현황과국제사회의지원'),
(106, 2, '10908', '영상이미지와젠더'),
(107, 2, '11042', '컴퓨터와마음'),
(108, 2, '11257', '에피소드로보는과학철학'),
(109, 2, '11044', '디지털네이티브와검색엔진'),
(110, 2, '10910', '위험판단심리학'),
(111, 2, '10104', '응용통계입문'),
(112, 2, '11096', '정보화사회와통계'),
(113, 2, '10930', 'Behavior of Animals'),
(114, 2, '11159', 'General Biology'),
(115, 2, '11191', '식물의모든것'),
(116, 2, '11262', '생활속의미생물'),
(117, 2, '10135', '지구의역사'),
(118, 2, '10776', '글로벌시민을위한과학소양'),
(119, 2, '10052', '약과건강'),
(120, 2, '11145', '크리에이티브컴퓨팅'),
(121, 2, '10123', '정보사회와인터넷윤리'),
(122, 2, '10556', '인터넷과소셜컴퓨팅'),
(123, 2, '11154', '사물인터넷개론'),
(124, 2, '11160', '정보기술과미래사회'),
(125, 2, '11261', '계량정보학과미래정보산업'),
(126, 2, '10559', '미래를위한환경의이해'),
(127, 2, '11101', '과학문화와커뮤니케이션'),
(128, 2, '11156', '자연과의대화,환경생태'),
(129, 2, '11157', '환경재난과국제협력'),
(130, 2, '11111', 'SF영화로배우는철학'),
(131, 2, '11232', '컴퓨터적사고와이해'),
(132, 2, '11204', '논리로과학읽기'),
(133, 2, '11205', '컴퓨터과학적인식과문제해결'),
(134, 2, '11207', '과학자를위한기초현대통계학론'),
(135, 2, '11233', '음악과테크놀로지'),
(136, 2, '11263', '예술과기술'),
(137, 2, '11209', '시각적사고를통한일상의문화와트랜드'),
(138, 2, '11234', '컴퓨터적사고와조형적활용'),
(139, 2, '11210', '교육커뮤니케이션의이해와실제'),
(140, 2, '11260', '기업가정신과기술혁신'),
(141, 2, '11215', '통합적분쟁이해와조정'),
(142, 2, '11213', '질병과몸의역사'),
(143, 2, '11211', '컴퓨팅적사고와프로그래밍'),
(144, 2, '11212', '글로벌커리어개발과기업가정신'),
(145, 2, '11214', '간호와휴머니즘'),
(146, 2, '11208', 'IT융합설계개론'),
(147, 2, '10832', '시장경제세미나'),
(148, 2, '10168', '소비자와시장'),
(149, 2, '11127', '문화정책및문화예술교육의이해'),
(150, 2, '10741', '평생교육경영학'),
(151, 2, '10996', '평생교육프로그램개발론'),
(152, 2, '10843', '글로벌리더십과커리어개발'),
(153, 2, '11230', '현대시민과지식재산'),
(154, 2, '11087', '레저교육의이해와실천'),
(155, 2, '10143', '컴퓨터활용'),
(156, 2, '11199', '나눔과소셜디자인'),
(157, 2, '11272', '국가안보론'),
(158, 2, '11273', '리더십'),
(159, 2, '11274', '전쟁사'),
(160, 2, '11275', '북한학'),
(161, 2, '11276', '무기체계론'),
(162, 2, '11023', '도전 Campus CEO'),
(163, 2, '11024', 'Campus CEO 특강'),
(164, 2, '11201', '문화예술현장의이해'),
(165, 2, '10575', '사회봉사I'),
(166, 2, '10578', '사회봉사II'),
(167, 2, '10579', '사회봉사III'),
(168, 2, '10801', '현장실습인턴십I'),
(169, 2, '10806', '글로벌인턴십 I'),
(170, 2, '10948', '커리어탐색과역량개발'),
(171, 2, '10973', '글로벌인턴십 II'),
(172, 2, '10974', '글로벌인턴십 III'),
(173, 2, '10975', '글로벌인턴십 IV'),
(174, 2, '11080', '현장실습인턴십II'),
(175, 2, '11081', '핵심직무이해'),
(176, 2, '11175', '현장실습인턴십III'),
(177, 2, '11176', '현장실습인턴십IV'),
(178, 2, '11216', 'CAP(Career Active Planning)'),
(179, 2, '10845', '1학년세미나(인문대)'),
(180, 2, '10848', '1학년세미나(사회대)'),
(181, 2, '10851', '1학년세미나(자연대)'),
(182, 2, '10857', '1학년세미나(사범대)'),
(183, 2, '10863', '1학년세미나(경영대)'),
(184, 2, '11177', '1학년세미나(스크랜튼대융합학부)'),
(185, 2, '11222', '1학년세미나(신산업융합대)'),
(186, 2, '11224', '1학년세미나(간호대)'),
(187, 2, '11231', '1학년세미나(조형대)'),
(188, 2, '10939', '평생교육실습'),
(189, 2, '11268', 'ROTC군사학1'),
(190, 2, '10569', '라틴어입문'),
(191, 2, '10814', '디지털인문학-현대일본문화연구'),
(192, 2, '11070', '중급라틴어'),
(193, 2, '11071', '고전그리스어입문'),
(194, 2, '11072', '아랍어입문'),
(195, 2, '11093', '일본어커뮤니케이션'),
(196, 2, '10662', '중국어독해'),
(197, 2, '10704', '시사중국어'),
(198, 2, '11076', '프랑스문화의이해'),
(199, 2, '10706', '시사독일어'),
(200, 2, '10895', '독일어권문화의이해'),
(201, 2, '10162', '한국문화유산의이해'),
(202, 2, '11059', '동서교류의문화사'),
(203, 2, '11060', '동아시아의역사분쟁과한국사'),
(204, 2, '10504', 'Korean Ceramics I'),
(205, 2, '10505', 'Korean Ceramics II'),
(206, 2, '10952', 'Introductory Psychology in Education'),
(207, 2, '10962', 'Introduction to Counseling'),
(208, 2, '10562', '스포츠와세계화'),
(209, 2, '10596', 'Current Issues'),
(210, 2, '10597', 'Business and Technical English'),
(211, 2, '10641', 'Speech and Presentation'),
(212, 2, '10643', 'Cinema Arts and English'),
(213, 2, '10709', 'World Women through English'),
(214, 2, '10811', 'Research Writing'),
(215, 2, '10901', 'Essential English'),
(216, 2, '11051', 'Rhetoric and Composition'),
(217, 2, '11052', 'Special Topics in English'),
(218, 2, '10619', 'Religion and Culture in Modern Korea'),
(219, 2, '10909', '세계와문화예술'),
(220, 2, '11236', '현대유럽의이해'),
(221, 2, '10980', '한국어I'),
(222, 2, '10981', '한국어II'),
(223, 2, '10982', '한국어III'),
(224, 2, '10984', '학문목적한국어I'),
(225, 2, '10985', '학문목적한국어II'),
(226, 2, '10985', '학문목적한국어II'),
(227, 2, '10986', '한국어I'),
(228, 2, '10987', '한국어II'),
(229, 2, '10988', '한국어III'),
(230, 2, '10989', '한국어와한국문화:기초'),
(231, 2, '10990', '학문목적한국어I'),
(232, 2, '10991', '학문목적한국어II'),
(233, 2, '10997', '한국어'),
(234, 2, '11158', '한국어와한국문화:기초'),
(235, 2, '11166', '기초생활한국어'),
(236, 2, '11168', '초급생활한국어'),
(237, 2, '11170', '중급생활한국어'),
(238, 2, '11172', '고급생활한국어'),
(239, 2, '10730', '일본문학의이해'),
(240, 2, '10161', '생활한자와교양한문'),
(241, 2, '10721', '명작명문읽기와쓰기'),
(242, 2, '10881', '발표와토론'),
(243, 2, '10155', '한국생활문화사'),
(244, 2, '10158', '한국여성사'),
(245, 2, '11061', '서울 : 역사·문화·공간'),
(246, 2, '11062', '영화속역사읽기'),
(247, 2, '10027', '논리와사고'),
(248, 2, '11049', '철학상담과실천'),
(249, 2, '11050', '현대예술과철학의만남'),
(250, 2, '10024', '현대문화와기독교'),
(251, 2, '10075', '성의사회학'),
(252, 2, '10912', '예술의사회학적읽기'),
(253, 2, '11219', 'K-MOOC:인간행위와사회구조'),
(254, 2, '10076', '성차심리학'),
(255, 2, '10110', '인간의심리학적이해'),
(256, 2, '10139', '청년심리학'),
(257, 2, '11220', 'K-MOOC:현대물리학과인간사고의변혁'),
(258, 2, '10066', '생명의신비'),
(259, 2, '10101', '오페라의이해와감상'),
(260, 2, '10650', '교양합창'),
(261, 2, '10655', '이화글리클럽I'),
(262, 2, '10920', '음악으로듣는20세기문화사'),
(263, 2, '10591', '째즈댄스'),
(264, 2, '10834', '춤과명상'),
(265, 2, '10923', '한국민속무용'),
(266, 2, '10924', '뮤지컬댄스'),
(267, 2, '11245', 'Designing with Korean paintings'),
(268, 2, '11247', 'Introduction to Oriental Paintings;Basic and Applications of Drawing'),
(269, 2, '11032', '행복한삶과교육'),
(270, 2, '11085', '행복이란무엇인가'),
(271, 2, '11237', 'K-MOOC:빅데이터의세계,원리와응용'),
(272, 2, '10113', '인체생리학'),
(273, 2, '11131', '미래학입문'),
(274, 2, '11239', 'K-MOOC:음악과과학/기술'),
(275, 2, '10012', '건강과운동'),
(276, 2, '10015', '골프'),
(277, 2, '10079', '수영'),
(278, 2, '10145', '테니스'),
(279, 2, '10179', '호신의이론과실제'),
(280, 2, '10779', '인체미학'),
(281, 2, '11086', '대학생을위한운동과영양'),
(282, 2, '11088', '움직임을통한감정코칭'),
(283, 2, '10915', '여성의건강과맞춤영양'),
(284, 2, '11217', 'K-MOOC:건축으로읽는사회문화사'),
(285, 2, '10900', '한국현대미술감상'),
(286, 2, '11090', '도자기의역사'),
(287, 2, '10809', '21세기문화와상상력'),
(288, 2, '10956', '인문학으로세상읽기'),
(289, 2, '11227', '자기도전설계I'),
(290, 2, '11228', '자기도전설계II'),
(291, 2, '11229', '자기도전설계III'),
(292, 2, '33497', '사회과학고전읽기'),
(293, 2, '20406', '미분적분학'),
(294, 2, '20407', '미분적분학I'),
(295, 2, '20424', '통계학I'),
(296, 2, '34980', '확률및통계학'),
(297, 2, '20409', '일반물리학I'),
(298, 2, '20410', '일반물리학실험I'),
(299, 2, '30001', '일반물리학'),
(300, 2, '20415', '일반화학'),
(301, 2, '20416', '일반화학I'),
(302, 2, '20418', '일반화학실험I'),
(303, 2, '20412', '일반생물학'),
(304, 2, '20413', '일반생물학I'),
(305, 2, '33332', '일반생물학실험I'),
(306, 2, '20479', '이산수학'),
(307, 2, '20642', '수치해석'),
(308, 2, '36340', '여성엔지니어와기업가정신'),
(309, 2, '36563', '응용수학및연습'),
(310, 2, '37275', '전자고급프로그래밍및실습'),
(311, 2, '37287', '건축전산실습'),
(312, 2, '35952', '기초생물학'),
(313, 2, '36573', '공학수학연습'),
(314, 2, '37834', '공학물리화학I'),
(315, 2, '21349', '무용예술론'),
(316, 2, '21355', '무용창작기초'),
(317, 2, '21372', '한국무형문화재실기'),
(318, 2, '34946', '교육심리학'),
(319, 2, '34947', '교육철학및교육사'),
(320, 2, '34948', '교육행정및교육경영'),
(321, 2, '34950', '상담과생활지도'),
(322, 2, '35172', '교육학개론'),
(323, 2, '35918', '교육현장의이해'),
(324, 2, '36939', '교육과정'),
(325, 2, '36940', '교육평가'),
(326, 2, '37437', '교직적성·인성검사I'),
(327, 2, '37438', '교직적성·인성검사II'),
(328, 2, '37446', '학교폭력예방및학생의이해'),
(329, 2, '34944', '교육방법및교육공학'),
(330, 2, '34951', '특수교육의이해'),
(331, 2, '22233', '경영통계학'),
(332, 2, '36886', 'Critical Thinking and Moral Theories'),
(333, 2, '37584', '뇌·인지과학기초'),
(334, 2, '37586', '뇌,인간,사회'),
(335, 2, '36002', 'Introduction to Economics'),
(336, 2, '36395', 'World History'),
(337, 2, '37549', 'General Introduction to Korea'),
(338, 2, '35613', '미생물학'),
(339, 2, '38028', '인간성장과발달'),
(340, 2, '37427', '의사소통과협력관계'),
(341, 2, '38027', '인체구조와생리II'),
(342, 2, '36339', '컴퓨터프로그래밍및실습'),
(343, 2, '38403', 'Python프로그래밍및실습'),
(344, 2, '36341', '공학수학'),
(345, 2, '37501', '공학기초화학I'),
(346, 2, '38416', '기후변화의이해'),
(347, 2, '37280', '기초물리학'),
(348, 2, '38419', '건축도시시스템공학개론'),
(349, 2, '38469', '건축학개론'),
(350, 2, '38470', '디자인기초'),
(351, 2, '33486', '한국현대문학의이해'),
(352, 2, '36826', '중국고전문학의이해'),
(353, 2, '33489', '프랑스어와프랑스문화Ⅰ'),
(354, 2, '33981', '독문법연습'),
(355, 2, '35250', '독일어회화I'),
(356, 2, '35136', '서양의역사와문화'),
(357, 2, '35716', 'Premodern History of Korea'),
(358, 2, '35073', '서양철학입문'),
(359, 2, '33491', '인간관계와자아발달'),
(360, 2, '35160', '신약성서의세계'),
(361, 2, '35576', '영문학입문'),
(362, 2, '20024', '한국어형태론'),
(363, 2, '20028', '한국현대소설론'),
(364, 2, '33572', '한국현대문학비평의실제'),
(365, 2, '33574', '한국고전소설읽기'),
(366, 2, '36818', '언어와여성'),
(367, 2, '20014', '시조가사론'),
(368, 2, '33207', '문예창작론'),
(369, 2, '33209', '우리옛말강독'),
(370, 2, '33211', '한국어의미론'),
(371, 2, '33580', '한국구비문학의세계'),
(372, 2, '20026', '한국한문학의세계'),
(373, 2, '20031', '한국현대시론'),
(374, 2, '33583', '한국어의뿌리와역사'),
(375, 2, '34391', '중국어회화I'),
(376, 2, '35212', '중국어연습'),
(377, 2, '35217', '현대중국의문화와사회'),
(378, 2, '37195', '한문강독'),
(379, 2, '38038', '중국학입문'),
(380, 2, '33591', '중국문학사I'),
(381, 2, '33593', '중국고전시가'),
(382, 2, '34394', '중국어문법'),
(383, 2, '34394', '중국어문법'),
(384, 2, '35221', '중국전통소설'),
(385, 2, '38034', '중국영화와대중문화'),
(386, 2, '38314', '글로벌시대의중국고전문화'),
(387, 2, '34396', '중국언어학의이해'),
(388, 2, '35223', '중국현대문학사'),
(389, 2, '36165', '중국통번역캡스톤디자인'),
(390, 2, '20091', 'English Syntax'),
(391, 2, '20103', 'Advanced English Grammar'),
(392, 2, '34975', 'English Presentation and Debate'),
(393, 2, '35573', 'Advanced English Reading'),
(394, 2, '36148', 'Introduction to Drama'),
(395, 2, '36149', 'American Novel and Its Tradition'),
(396, 2, '34400', '중세및르네상스영문학'),
(397, 2, '34413', 'U.S. Minority Literature'),
(398, 2, '35199', 'Film and Literature'),
(399, 2, '35201', '현대영미드라마'),
(400, 2, '35207', '현대영미시'),
(401, 2, '38043', '영어영문전공설계심화I'),
(402, 2, '30162', '영어의미론'),
(403, 2, '35206', '여성과문학'),
(404, 2, '35208', '영어학연구'),
(405, 2, '36144', 'Academic Writing II'),
(406, 2, '36155', '18세기영국소설'),
(407, 2, '33611', '멀티미디어프랑스어'),
(408, 2, '33612', '프랑스어문법과작문I'),
(409, 2, '33613', '프랑스단편소설'),
(410, 2, '38311', '프랑스지역학입문'),
(411, 2, '34915', '프랑스언어학기초'),
(412, 2, '35235', '프랑스시의세계'),
(413, 2, '35236', '소설로보는프랑스역사'),
(414, 2, '35594', '프랑스어의사소통문화'),
(415, 2, '35242', '현대프랑스소설'),
(416, 2, '35243', '프랑스어의미와활용'),
(417, 2, '35244', '프랑스영화'),
(418, 2, '38313', '프랑스시사토픽'),
(419, 2, '36830', '독일어권예술과문화의흐름'),
(420, 2, '36832', '문학텍스트분석의기초'),
(421, 2, '38103', '독일어문장구조의이해'),
(422, 2, '35256', '실용독일어I'),
(423, 2, '38303', '독일문학과사회'),
(424, 2, '38304', '독일도시와인문학'),
(425, 2, '38305', '문화번역의실제'),
(426, 2, '35266', '독일문화비평'),
(427, 2, '35267', '표현주의문학과예술'),
(428, 2, '37201', '독어학의기초Ⅱ'),
(429, 2, '30922', '역사학의이해'),
(430, 2, '35139', '한국근대사의전개'),
(431, 2, '35140', '근대중국의개혁과혁명'),
(432, 2, '20237', '동서문화교류사'),
(433, 2, '32833', '일본사'),
(434, 2, '35145', '한국중세사회와문화'),
(435, 2, '35147', '서양근대시민사회와혁명'),
(436, 2, '35150', '한국여성생활문화사'),
(437, 2, '38120', '사학전공설계심화Ⅰ'),
(438, 2, '30199', '중국현대사의흐름'),
(439, 2, '35157', '한국인의삶과사상'),
(440, 2, '38126', '서양문명과과학기술'),
(441, 2, '20208', '서양근세철학'),
(442, 2, '20235', '형이상학'),
(443, 2, '33269', '문화철학'),
(444, 2, '33669', '논리학'),
(445, 2, '34368', '유가철학'),
(446, 2, '20213', '언어철학'),
(447, 2, '20230', '칸트와헤겔'),
(448, 2, '20233', '동양근세철학'),
(449, 2, '34373', '니체와현대철학'),
(450, 2, '34375', '동양현대철학'),
(451, 2, '35080', '여성주의철학'),
(452, 2, '20170', '기독교윤리와사회문제'),
(453, 2, '20173', '복음서연구'),
(454, 2, '33657', '세계기독교역사'),
(455, 2, '33658', '성서히브리어'),
(456, 2, '20184', '오경연구'),
(457, 2, '20192', '한국기독교사와현장'),
(458, 2, '33662', '성서교육방법'),
(459, 2, '33663', '기독교신학과현대사상'),
(460, 2, '36055', '행정학의이해'),
(461, 2, '36134', '경제원론'),
(462, 2, '36011', '문헌정보학의이해'),
(463, 2, '36019', '사회학의이해'),
(464, 2, '36025', '심리학의이해'),
(465, 2, '36029', '커뮤니케이션과사회'),
(466, 2, '37540', '미디어글쓰기와스피치'),
(467, 2, '22180', '민주주의정치과정'),
(468, 2, '22181', '국제정치경제'),
(469, 2, '37843', '정치와문화'),
(470, 2, '22178', '외교정책분석'),
(471, 2, '35064', '미국정치'),
(472, 2, '22166', '개인주의와국가주의'),
(473, 2, '36788', '헌법과정치'),
(474, 2, '33675', '여성정책론'),
(475, 2, '34446', '조직행동과리더십'),
(476, 2, '35071', '지방자치론'),
(477, 2, '36790', '정책형성및집행'),
(478, 2, '34456', '규제행정론'),
(479, 2, '35072', '도시문제와정책'),
(480, 2, '35082', '전자정부와행정정보'),
(481, 2, '36057', '거버넌스이론'),
(482, 2, '36739', '정부회계학'),
(483, 2, '22158', '행정학특강'),
(484, 2, '35085', '행정철학과공직윤리'),
(485, 2, '22195', '거시경제이론'),
(486, 2, '22201', '경제수학'),
(487, 2, '22207', '경제통계학'),
(488, 2, '22218', '미시경제이론'),
(489, 2, '22226', '화폐금융론'),
(490, 2, '22211', '계량경제학1'),
(491, 2, '22213', '국제무역론'),
(492, 2, '22223', '재정학'),
(493, 2, '22223', '재정학'),
(494, 2, '36304', '금융경제학'),
(495, 2, '22200', '경제사'),
(496, 2, '22215', '노동경제학'),
(497, 2, '22220', '산업조직론'),
(498, 2, '35087', '응용계량경제학'),
(499, 2, '20288', '서지학의이해'),
(500, 2, '34465', '정보와사회'),
(501, 2, '34468', '정보유통'),
(502, 2, '36012', '기록관리학의이해'),
(503, 2, '33693', '정보검색'),
(504, 2, '34471', '정보분류'),
(505, 2, '36017', '공공도서관'),
(506, 2, '37181', '디지털보존'),
(507, 2, '20343', '고전사회학이론'),
(508, 2, '33708', '조직사회학'),
(509, 2, '33725', '대중문화와사회'),
(510, 2, '37182', '기초사회통계'),
(511, 2, '20347', '사회조사캡스톤디자인'),
(512, 2, '20367', '현대사회학이론'),
(513, 2, '33298', '경제사회학'),
(514, 2, '33699', '사회계층과불평등'),
(515, 2, '37184', '다문화사회와소수자연구'),
(516, 2, '30205', '일탈과사회통제'),
(517, 2, '33300', '사회주의체제변동과북한'),
(518, 2, '36020', '정치사회학세미나'),
(519, 2, '34952', '사회복지실천론'),
(520, 2, '34970', '정신건강론'),
(521, 2, '36023', '인간행동과사회환경'),
(522, 2, '20389', '아동복지론'),
(523, 2, '34960', '사회복지행정론'),
(524, 2, '37332', '사회복지조사론'),
(525, 2, '37333', '사회복지현장실습'),
(526, 2, '34957', '프로그램개발과평가'),
(527, 2, '34963', '사회복지법제'),
(528, 2, '21591', '발달심리학'),
(529, 2, '21599', '성격심리학'),
(530, 2, '30631', '학습심리학'),
(531, 2, '34509', '이상심리학'),
(532, 2, '36060', '기초심리통계'),
(533, 2, '21595', '상담심리학'),
(534, 2, '21620', '지각심리학'),
(535, 2, '33922', '산업및조직심리학'),
(536, 2, '35096', '심리측정및검사'),
(537, 2, '36026', '청년발달심리학'),
(538, 2, '21600', '성인및노인심리학'),
(539, 2, '34516', '언어심리학'),
(540, 2, '34517', '광고심리학'),
(541, 2, '36079', '소비자마케팅'),
(542, 2, '36718', '소비자복지'),
(543, 2, '36719', '소비자통계'),
(544, 2, '36799', '소비자라이프스타일'),
(545, 2, '35370', '소비자재무설계'),
(546, 2, '35374', '소비심리론'),
(547, 2, '36070', '소비자교육'),
(548, 2, '36723', '소비자질적연구'),
(549, 2, '35566', '소비자만족경영'),
(550, 2, '35587', '소비자와여가문화'),
(551, 2, '36084', '소비자상담및실습'),
(552, 2, '33289', '미디어산업현안분석'),
(553, 2, '34711', '저널리즘비평'),
(554, 2, '36037', '미디어와정치'),
(555, 2, '35123', '광고캠페인실습'),
(556, 2, '34731', '다큐멘터리제작'),
(557, 2, '35133', '대중문화연구'),
(558, 2, '35134', '방송스피치'),
(559, 2, '36054', '영상컨텐츠마케팅전략과실제'),
(560, 2, '35104', 'News Reporting & Writing'),
(561, 2, '35773', '포토그라피실습'),
(562, 2, '36030', '인간커뮤니케이션'),
(563, 2, '36032', '언론사회학'),
(564, 2, '36033', '기사작성기초'),
(565, 2, '36041', '광고의이해'),
(566, 2, '36042', 'PR커뮤니케이션'),
(567, 2, '36048', '방송개론'),
(568, 2, '20309', '매스커뮤니케이션이론'),
(569, 2, '33285', '방송뉴스제작'),
(570, 2, '34691', '미디어연구방법'),
(571, 2, '34733', '디지털영상특수효과'),
(572, 2, '35119', '광고카피라이팅'),
(573, 2, '35798', '광고PR전략리서치'),
(574, 2, '36035', '표현의자유와언론윤리'),
(575, 2, '36046', '정부시민단체커뮤니케이션'),
(576, 2, '20441', '선형대수학I'),
(577, 2, '35288', '해석학개론I'),
(578, 2, '35289', '유한수학및프로그래밍'),
(579, 2, '38188', '다변수미분적분학'),
(580, 2, '20445', '수치해석학'),
(581, 2, '20449', '위상수학I'),
(582, 2, '20454', '정수론'),
(583, 2, '35291', '복소해석학I'),
(584, 2, '20433', '미분기하학I'),
(585, 2, '20462', '현대대수학I'),
(586, 2, '35296', '실변수함수론'),
(587, 2, '20645', '전산통계학및실습'),
(588, 2, '20657', '회귀분석'),
(589, 2, '33684', '행렬대수학'),
(590, 2, '33686', '해석학개론'),
(591, 2, '20633', '기초확률과정론'),
(592, 2, '20644', '실험계획법'),
(593, 2, '30217', '수리통계학I및연습'),
(594, 2, '36855', '금융통계학'),
(595, 2, '20636', '다변량분석및실습'),
(596, 2, '20643', '시계열분석개론및실습'),
(597, 2, '35301', '베이지안통계및실습'),
(598, 2, '35977', '보험통계'),
(599, 2, '36305', '식품학이론및실험'),
(600, 2, '36308', '식품과소비자'),
(601, 2, '36764', '식품기초설계'),
(602, 2, '36811', '유기화학I'),
(603, 2, '36307', '식품화학'),
(604, 2, '36309', '식품공학'),
(605, 2, '36314', '식품미생물실험'),
(606, 2, '36814', '생화학I'),
(607, 2, '36316', '식품가공학이론및실험'),
(608, 2, '36323', '식품위생및법규'),
(609, 2, '36324', '제품개발이론및실험'),
(610, 2, '36816', '식품경영학'),
(611, 2, '38074', '디자인프로젝트I'),
(612, 2, '38075', '디자인프로젝트II'),
(613, 2, '34275', '실내건축구조와제도'),
(614, 2, '34995', '공간디자인스튜디오'),
(615, 2, '21232', '공간디자인I'),
(616, 2, '34998', '공간디자인과재료'),
(617, 2, '36660', '조명디자인I'),
(618, 2, '37355', '공간디자인방법론I'),
(619, 2, '34738', '공간디자인프로젝트I'),
(620, 2, '34739', '공간디자인매니지먼트'),
(621, 2, '36661', '공간디자인리서치I'),
(622, 2, '30518', '이미지디자인I'),
(623, 2, '35000', '타이포그래피I'),
(624, 2, '36765', '브랜드아이덴티티디자인'),
(625, 2, '35007', '그래픽디자인I'),
(626, 2, '36666', '디지털그래픽스I'),
(627, 2, '36667', '북아트'),
(628, 2, '36668', '시각시스템I'),
(629, 2, '21088', '그래픽아트I'),
(630, 2, '35013', '커뮤니케이션디자인I'),
(631, 2, '36673', '디자인아이덴티티I'),
(632, 2, '36674', '개념디자인I'),
(633, 2, '30499', '기초제품경험디자인'),
(634, 2, '35017', '스케치렌더링'),
(635, 2, '35018', '패키지디자인'),
(636, 2, '37364', '오브젝트디자인'),
(637, 2, '35022', '써페이스디자인I(캡스톤디자인)'),
(638, 2, '35024', '인터페이스디자인I'),
(639, 2, '36676', '제품경험디자인I(캡스톤디자인)'),
(640, 2, '35027', '디자인이슈I'),
(641, 2, '35029', '통합디자인연출I'),
(642, 2, '36677', '제품경험디자인III'),
(643, 2, '36683', '정보디자인'),
(644, 2, '36691', '디지털스토리텔링'),
(645, 2, '38096', '우리빛'),
(646, 2, '36696', '실험디지털비디오'),
(647, 2, '36697', '인터랙션디자인I(캡스톤디자인)'),
(648, 2, '36698', '애니메이션'),
(649, 2, '36699', '디자인프로그래밍I'),
(650, 2, '36707', 'UX디자인스튜디오I'),
(651, 2, '36708', '애니메이션스튜디오I'),
(652, 2, '36710', '미디어아트I(캡스톤디자인)'),
(653, 2, '30493', '공예염색기법'),
(654, 2, '34290', '자수기법'),
(655, 2, '35041', '직조기법'),
(656, 2, '35355', 'CAD텍스타일'),
(657, 2, '21045', '섬유예술사'),
(658, 2, '35045', '현대자수I'),
(659, 2, '35046', '현대타피스트리'),
(660, 2, '35047', '자연염색'),
(661, 2, '38064', '미래섬유프로젝트I'),
(662, 2, '35050', '섬유예술I'),
(663, 2, '35051', '섬유예술II'),
(664, 2, '35052', '섬유예술III'),
(665, 2, '30538', '패션그래픽'),
(666, 2, '34261', '패션인사이트'),
(667, 2, '36115', '칼라크리에이티비티'),
(668, 2, '37386', '패션스튜디오'),
(669, 2, '30546', '패션캡스톤디자인'),
(670, 2, '34264', '디지털패션그래픽'),
(671, 2, '34746', '패션프렉티스II'),
(672, 2, '38066', '인터렉티브디지털디자인'),
(673, 2, '35034', '구조적디자인연구II'),
(674, 2, '35036', '패션아트프로젝트'),
(675, 2, '36116', '아티스틱비전인패션'),
(676, 2, '36117', '익스플로링패션디자인'),
(677, 2, '33819', '디자인매니지먼트'),
(678, 2, '33829', '패션소재트렌드와기획'),
(679, 2, '35380', '드레이핑I'),
(680, 2, '22656', '테크니컬디자인'),
(681, 2, '33822', '전통복식디자인'),
(682, 2, '33827', '감성직물의설계와평가'),
(683, 2, '35584', '패션정보와어패럴기획(캡스톤디자인)'),
(684, 2, '38153', '의류전공설계심화II(도전)'),
(685, 2, '22240', '마케팅관리'),
(686, 2, '22247', '원가.관리회계'),
(687, 2, '22250', '재무관리'),
(688, 2, '30818', '조직행위관리'),
(689, 2, '30820', '경영정보시스템'),
(690, 2, '30936', '운영관리'),
(691, 2, '35628', '중급회계I'),
(692, 2, '30937', '인적자원관리'),
(693, 2, '30939', '국제경영학'),
(694, 2, '35359', '마케팅조사'),
(695, 2, '35362', '데이터베이스시스템'),
(696, 2, '35633', '기업재무'),
(697, 2, '37306', '기업과윤리'),
(698, 2, '37995', '혁신기업경영캡스톤디자인I'),
(699, 2, '22232', '경영정책'),
(700, 2, '22245', '소비자행동분석'),
(701, 2, '30823', '세무회계'),
(702, 2, '30943', '경영혁신과정보기술'),
(703, 2, '35365', '전략경영'),
(704, 2, '36172', '파생금융상품'),
(705, 2, '36173', '서비스마케팅'),
(706, 2, '36769', '경영시뮬레이션'),
(707, 2, '37261', '경영리더십'),
(708, 2, '37757', '경영학인턴십Ⅰ'),
(709, 2, '37758', '경영학인턴십Ⅱ'),
(710, 2, '37759', '경영학인턴십Ⅲ'),
(711, 2, '35629', 'Business Communication'),
(712, 2, '22285', '인간관계론'),
(713, 2, '34620', '비서실무'),
(714, 2, '36774', 'English for Business Interaction'),
(715, 2, '37763', '글로벌인턴십'),
(716, 2, '33866', '데이타베이스관리'),
(717, 2, '35392', 'Business Project Planning & Management'),
(718, 2, '36773', 'International Conference Communication'),
(719, 2, '22234', '경영학원론'),
(720, 2, '33861', '회계정보원리'),
(721, 2, '35683', 'Quantitative and Financial Analysis'),
(722, 2, '36279', 'Globalization and Culture'),
(723, 2, '36397', 'Microeconomics'),
(724, 2, '35678', 'International Relations in East Asia'),
(725, 2, '35679', 'Int''l Trade & Investment'),
(726, 2, '35687', 'International Financial Management'),
(727, 2, '36785', 'East Asian Culture and Thought'),
(728, 2, '37233', 'International Society and Public Diplomacy'),
(729, 2, '37791', 'International Studies Internship I'),
(730, 2, '37793', 'International Studies Internship III'),
(731, 2, '38181', 'Global Challenge I'),
(732, 2, '35684', 'Global Strategic Management'),
(733, 2, '36405', 'Capstone Design in International Law'),
(734, 2, '36786', 'Special Topics in East Asian Studies'),
(735, 2, '37236', 'International Economic Development'),
(736, 2, '37550', 'Introduction to Korean History'),
(737, 2, '37551', 'Introduction to Korean Politics'),
(738, 2, '37552', 'Reading Academic Korean I'),
(739, 2, '37554', 'Understanding Korean Religion'),
(740, 2, '37562', 'Everyday Life in Modern Korea'),
(741, 2, '37563', 'Korean Diaspora'),
(742, 2, '37564', 'Korean Film and Media Studies'),
(743, 2, '37566', 'Multiculturalism and Korean Society'),
(744, 2, '22068', '국제법I'),
(745, 2, '34582', '행정구제법'),
(746, 2, '37588', '의학총론'),
(747, 2, '37589', '해부와발생I'),
(748, 2, '37590', '해부와발생Ⅱ'),
(749, 2, '37591', '해부와발생Ⅲ'),
(750, 2, '37592', '구조와기능I'),
(751, 2, '37593', '구조와기능Ⅱ'),
(752, 2, '37594', '대사와영양'),
(753, 2, '37595', '임상입문과정I'),
(754, 2, '37596', '환자-의사-사회I(프로페셔널리즘과환자이해)'),
(755, 2, '37597', '의료와선교I'),
(756, 2, '37599', '영화로보는의학'),
(757, 2, '37482', '일반화학I'),
(758, 2, '34353', '분자세포생물학I'),
(759, 2, '37488', '인간행동의이해'),
(760, 2, '37489', '비판적의사소통'),
(761, 2, '37490', 'Professional English'),
(762, 2, '37490', 'Professional English'),
(763, 2, '37491', '의학의철학과역사'),
(764, 2, '37492', '생명과종교'),
(765, 2, '37494', '기초실험기법'),
(766, 2, '37497', '의과학의현재와미래'),
(767, 2, '37996', '디지털스토리텔링개론'),
(768, 2, '37997', '융합콘텐츠의이해'),
(769, 2, '37998', '미디어와문화산업'),
(770, 2, '38001', '모바일앱제작'),
(771, 2, '38003', '콘텐츠아키텍처링'),
(772, 2, '38004', '게임알고리즘'),
(773, 2, '38009', '크리에이티브라이팅'),
(774, 2, '33557', '컬러플래닝과디자인'),
(775, 2, '33558', '패션소재의이해'),
(776, 2, '38050', '의류산업과패션'),
(777, 2, '22644', '패션의역사'),
(778, 2, '33817', '스타일드로잉'),
(779, 2, '35380', '드레이핑'),
(780, 2, '35381', '패션CAD'),
(781, 2, '34617', '비즈니스컴퓨팅'),
(782, 2, '34618', 'Foundations for Business English'),
(783, 2, '36183', '국제사무학원론'),
(784, 2, '36772', 'MICE개론'),
(785, 2, '30827', '영문서기획및관리'),
(786, 2, '35592', 'MICE Planning & Management'),
(787, 2, '35593', '비즈니스웹'),
(788, 2, '36775', 'Globalization: Markets, Places and People'),
(789, 2, '35708', 'NGOs의이해'),
(790, 2, '35709', 'NGO와법'),
(791, 2, '35711', 'NGO인턴쉽'),
(792, 2, '35706', '사회주의개혁개방과북한'),
(793, 2, '35707', '북한의언어와문학'),
(794, 2, '35713', '북한주민의일상생활'),
(795, 2, '36929', '국가정보론'),
(796, 2, '35819', '한국인의삶과문화'),
(797, 2, '35820', '한국어교육학개론'),
(798, 2, '36182', '한국어교수법개론'),
(799, 2, '35866', '도덕발달심리학'),
(800, 2, '36287', '정보보호개론'),
(801, 2, '36280', '과학기술경영의이해'),
(802, 2, '36282', '식스시그마경영'),
(803, 2, '21699', '한국사제문제와역사교육'),
(804, 2, '35540', '공통사회교과교육론'),
(805, 2, '35541', '공통사회교과교재연구및지도법'),
(806, 2, '36954', '공통사회교과논리및논술'),
(807, 2, '35367', '영유아발달'),
(808, 2, '36915', '보육실습'),
(809, 2, '38165', '청소년상담'),
(810, 2, '36917', '일본어중급회화'),
(811, 2, '36919', '일본어중급작문'),
(812, 2, '36921', '일본어학의이해'),
(813, 2, '36922', '시사일본어'),
(814, 2, '36925', '일본사회와경제'),
(815, 2, '37454', '한일문화비교'),
(816, 2, '37309', '계산과학알고리즘'),
(817, 2, '37394', '융합디자인세미나Ι'),
(818, 2, '22124', '수사와재판'),
(819, 2, '22126', '상법'),
(820, 2, '22149', '행정법'),
(821, 2, '33093', '법여성학'),
(822, 2, '34579', '세법원론'),
(823, 2, '37475', '헌법'),
(824, 2, '37475', '헌법'),
(825, 2, '37476', '재산법'),
(826, 2, '37477', '노동법'),
(827, 2, '37480', '민사재판의이해'),
(828, 2, '38048', '법적사고와논증'),
(829, 2, '37824', '영화속기업가정신'),
(830, 2, '37825', '스타트업캡스톤디자인'),
(831, 2, '37826', '기업가정신과벤처캐피탈'),
(832, 2, '37828', '스타트업마케팅:그로스해킹'),
(833, 2, '37831', '고객개발모델린스타트업'),
(834, 2, '38318', '경영학기초전공'),
(835, 2, '38320', '소비자행동의정신분석학적이해'),
(836, 2, '38321', '21세기자본주의와윤리'),
(837, 2, '38323', '영상매체이론'),
(838, 2, '38324', '인문학과디지털서사'),
(839, 2, '38326', '원천서사와콘텐츠기획'),
(840, 2, '38330', '디지털영상제작실습'),
(841, 2, '38332', '빅데이터시대와인문학'),
(842, 2, '38335', '포스트휴먼사회와문학'),
(843, 2, '38340', '데이터베이스와빅데이터의이해'),
(844, 2, '38342', '소프트웨어와응용실습'),
(845, 2, '35479', '국어교과교육론'),
(846, 2, '35619', '중국어교과교육론'),
(847, 2, '37008', '중국어교과논리및논술'),
(848, 2, '35483', '영어교과교육론'),
(849, 2, '37009', '영어교과논리및논술'),
(850, 2, '35484', '프랑스어교과교육론'),
(851, 2, '35485', '독일어교과교육론'),
(852, 2, '35620', '사회교과교육론'),
(853, 2, '35481', '철학교과교육론'),
(854, 2, '35487', '수학교과교육론'),
(855, 2, '37015', '수학교과논리및논술'),
(856, 2, '35621', '과학교과교육론'),
(857, 2, '37016', '과학교과논리및논술'),
(858, 2, '35622', '정보.컴퓨터교과교육론'),
(859, 2, '37017', '정보.컴퓨터교과논리및논술'),
(860, 2, '35618', '환경교과교육론'),
(861, 2, '37018', '환경교과논리및논술'),
(862, 2, '35493', '음악교과교육론'),
(863, 2, '37019', '음악교과논리및논술'),
(864, 2, '35494', '미술교과교육론'),
(865, 2, '37021', '미술교과논리및논술'),
(866, 2, '35623', '디자인.공예교과교육론'),
(867, 2, '37022', '디자인.공예교과논리및논술'),
(868, 2, '36970', '의상교과교육론'),
(869, 2, '37023', '의상교과논리및논술'),
(870, 2, '35624', '상업정보교과교육론'),
(871, 2, '35496', '체육교과교육론'),
(872, 2, '37020', '체육교과논리및논술'),
(873, 2, '35865', '도덕.윤리교과교육론'),
(874, 1, 'JURA206', '형사소송법'),
(875, 1, 'JURA207', '상법총칙ㆍ상행위법'),
(876, 1, 'JURA241', '헌법'),
(877, 1, 'JURA242', '민법'),
(878, 1, 'JURA244', '형법'),
(879, 1, 'JURA245', '민사소송법'),
(880, 1, 'JURA247', '기업의설립·운영과법'),
(881, 1, 'JURA249', '국제법'),
(882, 1, 'JURA251', '행정법'),
(883, 1, 'JURA305', '행정법총론'),
(884, 1, 'JURA307', '민사소송법(상)'),
(885, 1, 'JURA345', '물권법론'),
(886, 1, 'JURA358', 'IT법'),
(887, 1, 'JURA419', '국제경제법'),
(888, 1, 'JURA429', '국제사법'),
(889, 1, 'BUSS003', 'TopicCourse'),
(890, 1, 'BUSS203', '경영수학'),
(891, 1, 'BUSS204', '세계경제와기업'),
(892, 1, 'BUSS205', '마케팅원론'),
(893, 1, 'BUSS207', '재무관리'),
(894, 1, 'BUSS211', '오퍼레이션스관리'),
(895, 1, 'BUSS213', '중급회계I'),
(896, 1, 'BUSS214', '중급회계II'),
(897, 1, 'BUSS215', '경영정보시스템'),
(898, 1, 'BUSS238', '광고론'),
(899, 1, 'BUSS244', '관리회계'),
(900, 1, 'BUSS248', '기업경제학'),
(901, 1, 'BUSS252', '마케팅조사론'),
(902, 1, 'BUSS254', '투자론'),
(903, 1, 'BUSS259', '벤처경영'),
(904, 1, 'BUSS311', '조직행동론'),
(905, 1, 'BUSS313', '국제경영론'),
(906, 1, 'BUSS321', '지역연구(중국)'),
(907, 1, 'BUSS325', 'KoreanBusiness&ManagementintheGlobalContext'),
(908, 1, 'BUSS331', '국제무역론'),
(909, 1, 'BUSS335', 'IT기반비즈니스모델'),
(910, 1, 'BUSS337', '소셜컴퓨팅과비즈니스'),
(911, 1, 'BUSS342', '소비자행동'),
(912, 1, 'BUSS344', '국제금융론'),
(913, 1, 'BUSS352', '세무회계'),
(914, 1, 'BUSS355', '노사관계론'),
(915, 1, 'BUSS358', '인적자원관리'),
(916, 1, 'BUSS361', '고급회계'),
(917, 1, 'BUSS363', '마케팅전략'),
(918, 1, 'BUSS367', '국제재무관리'),
(919, 1, 'BUSS384', '기업재무'),
(920, 1, 'BUSS386', '선물옵션'),
(921, 1, 'BUSS389', 'IT서비스평가'),
(922, 1, 'BUSS392', '서비스마케팅'),
(923, 1, 'BUSS393', '현대기아차글로벌마케팅전략'),
(924, 1, 'BUSS394', '비즈니스협상'),
(925, 1, 'BUSS402', '경영전략'),
(926, 1, 'BUSS409', '소셜벤처창업'),
(927, 1, 'BUSS412', 'IT혁신관리:이슈와트렌드'),
(928, 1, 'BUSS414', '채권론'),
(929, 1, 'BUSS416', '기업가치평가'),
(930, 1, 'BUSS417', '고급투자론'),
(931, 1, 'BUSS420', '리더쉽:이론과실제'),
(932, 1, 'BUSS435', '경영의철학적이해'),
(933, 1, 'BUSS447', '로지스틱스관리'),
(934, 1, 'BUSS448', '오퍼레이션스전략'),
(935, 1, 'BUSS453', '데이터관리와지적경영'),
(936, 1, 'BUSS454', '제품및브랜드관리'),
(937, 1, 'BUSS463', '국내경영현장실습'),
(938, 1, 'BUSS475', '인터넷마케팅'),
(939, 1, 'BUSS484', '글로벌CEO특강'),
(940, 1, 'KORE003', '무제강좌'),
(941, 1, 'KORE201', '한국문학의이해'),
(942, 1, 'KORE208', '한국어정보처리'),
(943, 1, 'KORE209', '현대시론'),
(944, 1, 'KORE210', '현대비평론'),
(945, 1, 'KORE211', '현대희곡론'),
(946, 1, 'KORE215', '고전문학사'),
(947, 1, 'KORE217', '구비문학론'),
(948, 1, 'KORE219', '고전소설론'),
(949, 1, 'KORE223', '현대소설론'),
(950, 1, 'KORE227', '국어교과교육론'),
(951, 1, 'KORE228', '국어교과교재연구및지도법'),
(952, 1, 'KORE231', '한국어음운의이해'),
(953, 1, 'KORE236', '한국어의미의이해'),
(954, 1, 'KORE305', '소설창작연습'),
(955, 1, 'KORE309', '한국한문학개론'),
(956, 1, 'KORE311', '고전시가강독'),
(957, 1, 'KORE317', '외국어로서의한국어교육'),
(958, 1, 'KORE318', '한국근대문학자료강독'),
(959, 1, 'KORE319', '한국어방언의이해'),
(960, 1, 'KORE321', '한국어학강독'),
(961, 1, 'ENGL201', '영미시개론'),
(962, 1, 'ENGL203', '영미희곡개론'),
(963, 1, 'ENGL211', '영어학개론'),
(964, 1, 'ENGL220', '전공영문글쓰기'),
(965, 1, 'ENGL267', '고전영문학의흐름'),
(966, 1, 'ENGL281', '영미문학과대중문화'),
(967, 1, 'ENGL327', '영미문학과영화'),
(968, 1, 'ENGL329', '영어의사회언어학'),
(969, 1, 'ENGL333', '현대미국소설'),
(970, 1, 'ENGL335', '영미시연구'),
(971, 1, 'ENGL343', '미국시'),
(972, 1, 'ENGL359', '19세기영국소설'),
(973, 1, 'ENGL361', '영어발달사'),
(974, 1, 'ENGL373', '영어통사론'),
(975, 1, 'ENGL375', '비평이론'),
(976, 1, 'ENGL383', '영국희곡'),
(977, 1, 'ENGL387', '미국산문'),
(978, 1, 'ENGL395', '번역연습'),
(979, 1, 'ENGL399', '영어학연구'),
(980, 1, 'ENGL401', '초기미국문학'),
(981, 1, 'PHIL426', '윤리학특강'),
(982, 1, 'PHIL454', '한국철학연습'),
(983, 1, 'PHIL456', '철학교과교재연구및지도법'),
(984, 1, 'HOKA003', '무제강좌'),
(985, 1, 'HOKA201', '고적조사실습'),
(986, 1, 'HOKA203', '한국역사입문I'),
(987, 1, 'HOKA211', '한국문화의기원'),
(988, 1, 'HOKA213', '고려전기사'),
(989, 1, 'HOKA215', '조선전기사'),
(990, 1, 'HOKA217', '한국근대사'),
(991, 1, 'HOKA219', '한국현대사I'),
(992, 1, 'HOKA223', '한국고중세사연습'),
(993, 1, 'HOKA337', '북한의한국사연구동향'),
(994, 1, 'HOKA355', '박물관학개설'),
(995, 1, 'HOKA359', '한국근현대미디어와역사이해'),
(996, 1, 'HOEW201', '역사학개론'),
(997, 1, 'HOEW202', '동아시아사입문'),
(998, 1, 'HOEW204', '서양사입문'),
(999, 1, 'HOEW305', '중국문명과제국체제'),
(1000, 1, 'HOEW307', '중국근세사'),
(1001, 1, 'HOEW311', '서양고대사'),
(1002, 1, 'HOEW313', '서양근세사'),
(1003, 1, 'HOEW315', '서양최근세사'),
(1004, 1, 'HOEW364', '프랑스문화사'),
(1005, 1, 'HOEW365', '독일문화사'),
(1006, 1, 'HOEW367', '미국문화사'),
(1007, 1, 'HOEW401', '일본사'),
(1008, 1, 'HOEW409', '동아시아현대사'),
(1009, 1, 'HOEW411', '중세교회와세속문화'),
(1010, 1, 'HOEW417', '서양의자본주의와제국주의'),
(1011, 1, 'HOEW421', '중국사특강Ⅰ'),
(1012, 1, 'HOEW431', '서양사특강Ⅰ'),
(1013, 1, 'PSYC321', '인지심리학'),
(1014, 1, 'PSYC331', '이상심리학'),
(1015, 1, 'PSYC333', '집단상담'),
(1016, 1, 'PSYC369', '법과인간행동'),
(1017, 1, 'PSYC417', '동기와정서'),
(1018, 1, 'PSYC423', '주의와반응선택'),
(1019, 1, 'PSYC439', '사회신경과학'),
(1020, 1, 'PSYC478', '정신재활'),
(1021, 1, 'SOCI225', '한국사회의구조와변동'),
(1022, 1, 'SOCI233', '사회조직론'),
(1023, 1, 'SOCI240', '사회심리학'),
(1024, 1, 'SOCI242', '사회문제론'),
(1025, 1, 'SOCI246', '젠더.국가와정책'),
(1026, 1, 'SOCI251', '사회인류학'),
(1027, 1, 'SOCI255', '환경사회학'),
(1028, 1, 'SOCI273', '북한사회의이해'),
(1029, 1, 'SOCI291', '사회학적상상력'),
(1030, 1, 'SOCI292', '사회학발달사'),
(1031, 1, 'SOCI293', '현대사회학이론'),
(1032, 1, 'SOCI294', '사회조사방법'),
(1033, 1, 'SOCI295', '사회통계'),
(1034, 1, 'SOCI315', '사회발전론'),
(1035, 1, 'SOCI343', '비교사회학'),
(1036, 1, 'SOCI347', '한국의사회와문화'),
(1037, 1, 'SOCI358', '직업과사회'),
(1038, 1, 'SOCI362', '종교사회학'),
(1039, 1, 'SOCI363', '질적연구방법'),
(1040, 1, 'SOCI365', '노동사회학'),
(1041, 1, 'SOCI375', '건강과의료의사회학'),
(1042, 1, 'SOCI379', '일반사회교과교육론'),
(1043, 1, 'GERM339', '독일문화산업'),
(1044, 1, 'GERM349', '독해와문법Ⅰ'),
(1045, 1, 'GERM351', '독어CEFRBI-I'),
(1046, 1, 'GERM357', '독일어텍스트의이해'),
(1047, 1, 'GERM363', 'ZD회화연습BI'),
(1048, 1, 'GERM365', '인터액티브독일어I'),
(1049, 1, 'GERM367', '독일어작문'),
(1050, 1, 'GERM371', '독일지역학'),
(1051, 1, 'GERM442', '독일어권법문화의이해'),
(1052, 1, 'GERM445', '독일문화특수과제Ⅰ'),
(1053, 1, 'GERM453', '한독문화비교'),
(1054, 1, 'GERM454', '영상번역'),
(1055, 1, 'GERM461', '통일전후의독일문화'),
(1056, 1, 'FRAN209', '프랑스어문법'),
(1057, 1, 'FRAN211', '프랑스어말하기'),
(1058, 1, 'FRAN213', '번역프랑스문학'),
(1059, 1, 'FRAN215', '집중프랑스어'),
(1060, 1, 'FRAN231', '프랑스문학의이해'),
(1061, 1, 'FRAN233', '프랑스어의이해'),
(1062, 1, 'FRAN333', '비지니스프랑스어'),
(1063, 1, 'FRAN335', '프랑스문학사I'),
(1064, 1, 'FRAN337', '불한대조분석'),
(1065, 1, 'FRAN343', '아동문학번역'),
(1066, 1, 'FRAN345', '프랑스어와미디어'),
(1067, 1, 'FRAN347', '프랑스어권문학'),
(1068, 1, 'FRAN349', '번역의이해'),
(1069, 1, 'FRAN351', '프랑스시의이해'),
(1070, 1, 'FRAN359', '프랑스문화산업'),
(1071, 1, 'FRAN427', '프랑스어교과교육론'),
(1072, 1, 'FRAN433', '실용텍스트번역'),
(1073, 1, 'ENGL419', '영미문학과젠더'),
(1074, 1, 'ENGL421', '영미문학특수과제Ⅰ'),
(1075, 1, 'ENGL423', '심리언어학'),
(1076, 1, 'ENGL429', '최근영미문학'),
(1077, 1, 'ENGL433', '영어교과교재연구및지도법'),
(1078, 1, 'ENGL435', '영문학과계몽주의'),
(1079, 1, 'PHIL207', '형이상학'),
(1080, 1, 'PHIL209', '기호논리학'),
(1081, 1, 'PHIL222', '인식론'),
(1082, 1, 'PHIL321', '서양고대철학'),
(1083, 1, 'PHIL331', '중국선진철학'),
(1084, 1, 'PHIL332', '중국양한위진철학'),
(1085, 1, 'PHIL344', '서양근세철학'),
(1086, 1, 'PHIL378', '현상학'),
(1087, 1, 'PHIL395', '귀납논리'),
(1088, 1, 'PHIL414', '불교철학특강'),
(1089, 1, 'HOEW450', '중국문화사'),
(1090, 1, 'HOEW454', '일본사특강'),
(1091, 1, 'HOEW457', '내륙아시아와중화세계'),
(1092, 1, 'PSYC201', '심리학의기초I'),
(1093, 1, 'PSYC202', '심리학의기초II'),
(1094, 1, 'PSYC204', '심리통계'),
(1095, 1, 'PSYC206', '심리통계실습'),
(1096, 1, 'PSYC221', '감각및지각심리학'),
(1097, 1, 'PSYC231', '성격심리학'),
(1098, 1, 'PSYC241', '산업심리학'),
(1099, 1, 'PSYC251', '소비자심리학'),
(1100, 1, 'PSYC271', '생물심리학'),
(1101, 1, 'PSYC277', '사회심리학'),
(1102, 1, 'PSYC315', '사회적행동과개인차'),
(1103, 1, 'SOCI446', '문화사회학'),
(1104, 1, 'SOCI465', '정치사회학'),
(1105, 1, 'SOCI466', '범죄사회학'),
(1106, 1, 'SOCI468', '노년사회학'),
(1107, 1, 'SOCI471', '역사사회학'),
(1108, 1, 'SOCI481', '몸과섹슈얼리티'),
(1109, 1, 'SOCI490', '식품과사회'),
(1110, 1, 'SOCI494', '사회문제와사회정책'),
(1111, 1, 'STSR201', '대중의과학이해(PUS)와과학커뮤니케이션'),
(1112, 1, 'STSR203', '과학기술과위험사회'),
(1113, 1, 'GERM203', '독어학개론'),
(1114, 1, 'GERM205', '독문학개론'),
(1115, 1, 'GERM210', '독일명작의고향'),
(1116, 1, 'GERM227', '독일문화의이해'),
(1117, 1, 'GERM237', '독어어휘연습I'),
(1118, 1, 'GERM303', '독시선독'),
(1119, 1, 'GERM305', '독희곡의이해'),
(1120, 1, 'FRAN435', '프랑스문학과비평의흐름'),
(1121, 1, 'CHIN203', '중국어회화I'),
(1122, 1, 'CHIN205', '중급중국어강독I'),
(1123, 1, 'CHIN211', '현대중국어문법I'),
(1124, 1, 'CHIN223', '중국고전문학사I'),
(1125, 1, 'CHIN241', '현대중국사회의이해'),
(1126, 1, 'CHIN301', '고급중국어연습I'),
(1127, 1, 'CHIN303', '중국어작문I'),
(1128, 1, 'CHIN327', '중국고전강독I'),
(1129, 1, 'CHIN329', '중국고전시가I'),
(1130, 1, 'CHIN341', '중국고전소설I'),
(1131, 1, 'CHIN361', '중한언어비교'),
(1132, 1, 'CHIN383', '중국의공연예술'),
(1133, 1, 'CHIN391', '중국문학과인문지리'),
(1134, 1, 'CHIN451', '중국어세미나I'),
(1135, 1, 'CHIN481', '중국현대문학비평'),
(1136, 1, 'CHIN485', '중국문학과영상문화'),
(1137, 1, 'CHIN489', '중국어교과교육론'),
(1138, 1, 'RUSS201', '중급러시아어I'),
(1139, 1, 'RUSS205', '러시아문학기행'),
(1140, 1, 'RUSS207', '중급러시아어회화I'),
(1141, 1, 'RUSS213', '러시아어의구조'),
(1142, 1, 'RUSS218', '러시아문학과영상예술I'),
(1143, 1, 'RUSS256', '러시아일상문화'),
(1144, 1, 'RUSS257', '러시아정교와사상'),
(1145, 1, 'RUSS325', '근대러시아소설'),
(1146, 1, 'RUSS331', '러시아문학강독과번역I'),
(1147, 1, 'RUSS363', '고급러시아어회화I'),
(1148, 1, 'RUSS369', '러시아사회의이해'),
(1149, 1, 'RUSS370', '러시아문학사I'),
(1150, 1, 'RUSS372', '러시아어작문연습'),
(1151, 1, 'RUSS373', '고급러시아어I'),
(1152, 1, 'RUSS380', '중앙아시아역사와민속문화'),
(1153, 1, 'RUSS381', '러시아문화사'),
(1154, 1, 'RUSS405', '슬라브언어와문화'),
(1155, 1, 'RUSS463', '러시아어교과교육론'),
(1156, 1, 'RUSS471', '러시아작가론|'),
(1157, 1, 'JAPN248', '중급일본어회화'),
(1158, 1, 'JAPN251', '글로벌시대의지역경제와일본'),
(1159, 1, 'JAPN256', '현대일본의국제관계'),
(1160, 1, 'JAPN303', '동아시아역사와한일문화'),
(1161, 1, 'JAPN305', '일본의정치세력:보수와혁신'),
(1162, 1, 'JAPN307', '일본풍토와건축공간'),
(1163, 1, 'JAPN309', '일본미디어와문화콘텐츠'),
(1164, 1, 'JAPN331', '일본근현대문학과영상문화'),
(1165, 1, 'JAPN333', '일본고전문학사'),
(1166, 1, 'JAPN341', '일본어담화분석론'),
(1167, 1, 'JAPN349', '일본사회와언어'),
(1168, 1, 'JAPN400', '일본어문학문화와한국'),
(1169, 1, 'JAPN416', '일본어화용론'),
(1170, 1, 'JAPN417', '일본공연과예술'),
(1171, 1, 'JAPN418', '근대일본의전쟁과예술'),
(1172, 1, 'SPAN338', '스페인·라틴아메리카정치와사회변동'),
(1173, 1, 'SPAN352', '스페인어교수법'),
(1174, 1, 'SPAN356', '스페인어권사회의이해'),
(1175, 1, 'SPAN361', '스페인희곡'),
(1176, 1, 'SPAN371', '스페인중세문학'),
(1177, 1, 'SPAN372', '스페인사상사'),
(1178, 1, 'SPAN375', '돈키호테론'),
(1179, 1, 'SPAN386', '스페인어음성음운론'),
(1180, 1, 'SPAN401', '사회언어학'),
(1181, 1, 'SPAN413', '라틴아메리카문화사회학'),
(1182, 1, 'SPAN416', '라틴아메리카기호학마케팅방법론'),
(1183, 1, 'SPAN424', '라틴아메리카문학이론연구'),
(1184, 1, 'SPAN455', '라틴아메리카조사방법론'),
(1185, 1, 'SPAN497', '인턴십Ⅰ'),
(1186, 1, 'SPAN498', '인턴십Ⅱ'),
(1187, 1, 'HANM201', '맹자읽기I'),
(1188, 1, 'HANM251', '서예의감상과실습I'),
(1189, 1, 'RUSS475', '시사러시아어연습I'),
(1190, 1, 'RUSS481', 'CIS지역학'),
(1191, 1, 'RUSS483', '러시아어토르플I'),
(1192, 1, 'RUSS485', '러시아어교과논리및논술'),
(1193, 1, 'RUSS492', '동북아시아와한러관계사'),
(1194, 1, 'JAPN213', '일본근현대문학의이해'),
(1195, 1, 'JAPN215', '일본언어문화의세계'),
(1196, 1, 'JAPN218', '일본어학의이해Ⅱ'),
(1197, 1, 'JAPN227', '일본근현대소설의이해'),
(1198, 1, 'JAPN235', '일본전통극의이해'),
(1199, 1, 'JAPN243', '초급일본어작문'),
(1200, 1, 'JAPN244', '중급일본어작문'),
(1201, 1, 'JAPN245', '초급일본어독해'),
(1202, 1, 'JAPN246', '중급일본어독해'),
(1203, 1, 'JAPN247', '초급일본어회화'),
(1204, 1, 'JAPN419', '일본어학응용연구'),
(1205, 1, 'JAPN435', '일본디아스포라문학'),
(1206, 1, 'JAPN451', '일본어교과교육론'),
(1207, 1, 'JAPN487', '일본전통시가의이해'),
(1208, 1, 'SPAN201', '시청각스페인어I'),
(1209, 1, 'SPAN211', '중급스페인어연습I'),
(1210, 1, 'SPAN213', '스페인어산문강독'),
(1211, 1, 'SPAN216', '고급스페인어회화'),
(1212, 1, 'SPAN301', '스페인어학개론'),
(1213, 1, 'SPAN313', '서중남미지역학I'),
(1214, 1, 'SPAN315', '라틴아메리카문화사'),
(1215, 1, 'SPAN321', '서문학사'),
(1216, 1, 'SPAN323', '스페인시'),
(1217, 1, 'SPAN326', '라틴아메리카문학사'),
(1218, 1, 'SPAN329', '라틴아메리카소설'),
(1219, 1, 'SPAN337', '라틴아메리카식민지시대연구'),
(1220, 1, 'HANM253', '한자의이해'),
(1221, 1, 'HANM257', '한문학과문화유산'),
(1222, 1, 'HANM261', '한문소설의세계'),
(1223, 1, 'HANM361', '논어읽기'),
(1224, 1, 'HANM363', '한문교과교재연구및지도법'),
(1225, 1, 'HANM367', '한국한문고전세미나'),
(1226, 1, 'HANM461', '한국한문학작가론'),
(1227, 1, 'HANM477', '불교적사유와문화'),
(1228, 1, 'HANM481', '오경읽기'),
(1229, 1, 'HANM483', '한문교과논리및논술'),
(1230, 1, 'LING201', '일반언어학'),
(1231, 1, 'LING301', '음운론'),
(1232, 1, 'LING313', '언어와논리'),
(1233, 1, 'LING321', '화용론'),
(1234, 1, 'LING403', '언어학이론응용'),
(1235, 1, 'LING421', '언어와미디어'),
(1236, 1, 'LING431', '개별언어I'),
(1237, 1, 'LING461', '문법론'),
(1238, 1, 'LING472', '사회언어학'),
(1239, 1, 'LING481', '언어학특강I'),
(1240, 1, 'LING491', '언어학강독I'),
(1241, 1, 'LALW103', '응용논리학'),
(1242, 1, 'LALW111', '소통과언어'),
(1243, 1, 'EMLA211', '라틴아메리카의정치경제'),
(1244, 1, 'EMLA212', '라틴아메리카의기업경영'),
(1245, 1, 'EMLA214', '기초스페인어'),
(1246, 1, 'EMLA215', '기초포르투갈어'),
(1247, 1, 'EMLA216', '라틴아메리카인적자원관리'),
(1248, 1, 'LIBS213', '생명과학실험II(계통분류학)'),
(1249, 1, 'LIBS215', '식물계통분류학'),
(1250, 1, 'LIBS311', '인체분자유전학'),
(1251, 1, 'LIBS313', '생명과학실험Ⅴ(면역학)'),
(1252, 1, 'LIBS314', '생명과학실험Ⅵ(유전학)'),
(1253, 1, 'LIBS317', '생물물리화학I'),
(1254, 1, 'LIBS357', '생리학I'),
(1255, 1, 'LIBS441', '신경생물학'),
(1256, 1, 'LIBS443', '면역학I'),
(1257, 1, 'LIBS447', '연구논문지도I'),
(1258, 1, 'LIBS451', '발생생물학'),
(1259, 1, 'LIBS453', '식물생명과학'),
(1260, 1, 'LIBS483', '나노생명과학의이해'),
(1261, 1, 'LIBS487', '식물발달분자생리학I'),
(1262, 1, 'LIBT215', '동물생리학'),
(1263, 1, 'LIBT217', '동물분자유전학'),
(1264, 1, 'LIBT245', '식물생명공학'),
(1265, 1, 'LIBT247', '식물병리학'),
(1266, 1, 'LIBT271', '유기화학Ⅰ'),
(1267, 1, 'LIBT307', '발생공학'),
(1268, 1, 'LIBT325', '대사조절학'),
(1269, 1, 'LIBT327', '면역공학'),
(1270, 1, 'LIBT343', '집단유전학'),
(1271, 1, 'LIBT349', '화훼과학'),
(1272, 1, 'LIBT359', '천연물공학'),
(1273, 1, 'LIBT367', '식물공장학'),
(1274, 1, 'LIBT371', '미생물생명공학Ⅰ'),
(1275, 1, 'LIBT461', '독성생화학'),
(1276, 1, 'LIBT485', '임목생명공학'),
(1277, 1, 'LIET201', '생태학'),
(1278, 1, 'LIET217', '야생식물학'),
(1279, 1, 'LIET218', '환경토양학및실험'),
(1280, 1, 'LIET219', '환경조경학'),
(1281, 1, 'LIET221', '미생물자원학'),
(1282, 1, 'LIET223', '환경정보및계획학'),
(1283, 1, 'LIET227', '환경과학'),
(1284, 1, 'LIET233', '환경분석화학및연습'),
(1285, 1, 'LIET319', '환경생물공학'),
(1286, 1, 'LIET338', '생물재료화학'),
(1287, 1, 'LIET345', '조경시설물설계및실습'),
(1288, 1, 'LIET348', '조경계획및실습'),
(1289, 1, 'LIET351', '환경수목학'),
(1290, 1, 'LIET354', '수서생태학'),
(1291, 1, 'LIET355', '환경GIS및실습'),
(1292, 1, 'LIET405', '환경생태공학세미나I'),
(1293, 1, 'LIET407', '연구논문지도'),
(1294, 1, 'LESE314', '국제농산물무역론'),
(1295, 1, 'LESE319', '응용재무경제학'),
(1296, 1, 'LESE407', '부동산경제론'),
(1297, 1, 'LESE412', '농식품가격분석론'),
(1298, 1, 'LIST201', '세포생물학Ⅰ'),
(1299, 1, 'LIST203', '미생물학Ⅰ'),
(1300, 1, 'LIST301', '분자생물학Ⅰ'),
(1301, 1, 'LIET430', '미생물생태학'),
(1302, 1, 'LIET433', '식물환경학Ⅱ및실험'),
(1303, 1, 'LIET435', '수질관리학및실험'),
(1304, 1, 'LIET463', '생물학적폐기물처리'),
(1305, 1, 'LIET494', '경관생태학'),
(1306, 1, 'LESE203', '자원경제학'),
(1307, 1, 'LESE205', '공공경제학'),
(1308, 1, 'LESE207', '응용계량경제학'),
(1309, 1, 'LESE209', '미시경제분석'),
(1310, 1, 'LESE210', '식품마케팅'),
(1311, 1, 'LESE218', '식품산업조직론'),
(1312, 1, 'LESE221', '보건경제학원론'),
(1313, 1, 'LESE304', '자원환경정책'),
(1314, 1, 'LESE306', '식품산업재무관리'),
(1315, 1, 'LIST303', '유전학Ⅰ'),
(1316, 1, 'LIST305', '생화학Ⅰ'),
(1317, 1, 'LIST307', '기능유전체학'),
(1318, 1, 'LIST401', '암생물학'),
(1319, 1, 'LIFS217', '식품과학기초'),
(1320, 1, 'LIFS219', '식품미생물학I'),
(1321, 1, 'LIFS223', '식품화학I'),
(1322, 1, 'LIFS323', '식품분석학'),
(1323, 1, 'LIFS325', '식품위생학'),
(1324, 1, 'LIFS327', '식품법규'),
(1325, 1, 'LIFS329', '식품생화학I'),
(1326, 1, 'LIFS331', '유가공학'),
(1327, 1, 'LIFS337', '식품공학I'),
(1328, 1, 'LIFS339', '식품위생학실험'),
(1329, 1, 'LIFS340', '식품미생물학실험'),
(1330, 1, 'LIFS341', '식품분석학실험'),
(1331, 1, 'LIFS402', '건강기능식품학'),
(1332, 1, 'LIFS457', '과실채소류과학'),
(1333, 1, 'LIFS463', '식품산업현장실습'),
(1334, 1, 'CCST301', '기후변화과학'),
(1335, 1, 'CCST401', '기후변화경제학'),
(1336, 1, 'PMP301', '연구지도I'),
(1337, 1, 'LESF313', '조경공학및구조'),
(1338, 1, 'POLI213', '서양고대.중세정치사상'),
(1339, 1, 'POLI221', '동북아국제관계론'),
(1340, 1, 'POLI228', '일본정치론'),
(1341, 1, 'POLI231', '국제정치론'),
(1342, 1, 'POLI233', '외교사'),
(1343, 1, 'POLI234', '비교정치개설'),
(1344, 1, 'POLI239', '의회와입법과정'),
(1345, 1, 'POLI243', '국제법'),
(1346, 1, 'POLI317', '동남아시아정치론'),
(1347, 1, 'POLI321', '정치경제론'),
(1348, 1, 'POLI326', '정치과정론'),
(1349, 1, 'POLI331', '국제관계이론'),
(1350, 1, 'POLI333', '현대정치철학'),
(1351, 1, 'POLI338', '국제정치경제론'),
(1352, 1, 'POLI350', '정치가론'),
(1353, 1, 'POLI355', '동아시아정치론'),
(1354, 1, 'POLI361', '정체성정치'),
(1355, 1, 'POLI373', '한국정치론'),
(1356, 1, 'POLI418', '거버넌스연구'),
(1357, 1, 'POLI425', '미국정치론'),
(1358, 1, 'POLI453', '비교정치경제'),
(1359, 1, 'POLI457', '국제정치세미나'),
(1360, 1, 'ECON120', '경제원론I'),
(1361, 1, 'ECON201', '미시경제이론'),
(1362, 1, 'ECON202', '거시경제이론'),
(1363, 1, 'ECON203', '경제원론II'),
(1364, 1, 'ECON205', '경제수학'),
(1365, 1, 'ECON349', '노사관계론'),
(1366, 1, 'ECON351', '중국경제론'),
(1367, 1, 'ECON354', '재무경제학'),
(1368, 1, 'ECON356', '경제정책'),
(1369, 1, 'ECON365', '경제통합론'),
(1370, 1, 'ECON366', '법경제학'),
(1371, 1, 'ECON371', '비주류의경제학'),
(1372, 1, 'ECON374', '동서양고전의경제학'),
(1373, 1, 'ECON381', '시사경제I'),
(1374, 1, 'ECON387', '한국아시아세계경제의최근쟁점'),
(1375, 1, 'ECON434', '한국경제론'),
(1376, 1, 'ECON437', '북한경제론'),
(1377, 1, 'ECON439', '한국거시경제분석'),
(1378, 1, 'ECON452', '노동경제세미나'),
(1379, 1, 'ECON457', '한국경제세미나'),
(1380, 1, 'ECON460', '고급이론세미나'),
(1381, 1, 'PAPP201', '조사방법론'),
(1382, 1, 'PAPP203', '정책학'),
(1383, 1, 'PAPP209', '행정이론'),
(1384, 1, 'PAPP233', '인사행정'),
(1385, 1, 'PAPP239', '예산과재무관리'),
(1386, 1, 'PAPP240', '조직이론'),
(1387, 1, 'PAPP241', '공공철학과윤리'),
(1388, 1, 'PAPP244', '민주주의와행정'),
(1389, 1, 'PAPP319', '복지정책'),
(1390, 1, 'PAPP330', '정책기획론'),
(1391, 1, 'PAPP346', '공공부문의경제적분석'),
(1392, 1, 'PAPP347', '공공관리'),
(1393, 1, 'PAPP351', '정부부패'),
(1394, 1, 'PAPP357', '환경정책'),
(1395, 1, 'PAPP361', '행정사례분석'),
(1396, 1, 'PAPP363', '행정과법'),
(1397, 1, 'PAPP365', '갈등관리와협상'),
(1398, 1, 'ECON206', '경제의통계분석'),
(1399, 1, 'ECON240', '산업조직론'),
(1400, 1, 'ECON245', '정치경제학개론'),
(1401, 1, 'ECON301', '계량경제학I'),
(1402, 1, 'ECON329', '한국경제사'),
(1403, 1, 'ECON330', '정보의비대칭성과유인설계'),
(1404, 1, 'ECON331', '화폐금융론'),
(1405, 1, 'ECON333', '재정학'),
(1406, 1, 'ECON334', '조세론'),
(1407, 1, 'ECON335', '국제금융론'),
(1408, 1, 'ECON336', '국제무역론'),
(1409, 1, 'ECON339', '경제발전론'),
(1410, 1, 'PAPP366', '정책분석및평가'),
(1411, 1, 'PAPP368', '정보관리와전자정부'),
(1412, 1, 'PAPP371', '공공관리자를위한행정법I'),
(1413, 1, 'STAT180', '통계계산소프트웨어'),
(1414, 1, 'STAT201', '통계수학'),
(1415, 1, 'STAT221', '확률론입문'),
(1416, 1, 'STAT232', '수리통계학'),
(1417, 1, 'STAT241', '행렬이론'),
(1418, 1, 'STAT242', '사회과학을위한통계적방법'),
(1419, 1, 'STAT323', '통계계산방법'),
(1420, 1, 'STAT342', '회귀분석'),
(1421, 1, 'STAT343', '범주형자료분석'),
(1422, 1, 'STAT375', '글로벌통계실무교육인턴십I'),
(1423, 1, 'STAT401', '다변량통계분석'),
(1424, 1, 'STAT411', '경영경제데이터분석'),
(1425, 1, 'STAT413', '금융통계학'),
(1426, 1, 'STAT421', '생명과학데이터분석'),
(1427, 1, 'STAT443', '선형방법론'),
(1428, 1, 'PREL201', '실용논리'),
(1429, 1, 'MATH003', 'TOPICCOURSE'),
(1430, 1, 'MATH201', '집합론'),
(1431, 1, 'MATH203', '이산수학'),
(1432, 1, 'MATH211', '해석학Ⅰ및연습'),
(1433, 1, 'MATH221', '선형대수Ⅰ및연습'),
(1434, 1, 'MATH223', '정수론'),
(1435, 1, 'MATH240', '미분방정식및연습'),
(1436, 1, 'MATH315', '복소해석학I'),
(1437, 1, 'MATH321', '대수학Ⅰ'),
(1438, 1, 'MATH331', '미분기하학Ⅰ'),
(1439, 1, 'MATH333', '위상수학Ⅰ'),
(1440, 1, 'MATH343', '확률과통계및연습'),
(1441, 1, 'MATH453', '실해석학'),
(1442, 1, 'MATH469', '대수학특강'),
(1443, 1, 'MATH481', '편미분방정식및연습'),
(1444, 1, 'MATH483', '금융수학'),
(1445, 1, 'MATH487', '응용수학특강'),
(1446, 1, 'PHYS201', '기초물리학실험Ⅰ'),
(1447, 1, 'PHYS210', '일반역학'),
(1448, 1, 'PHYS231', '수리물리학I'),
(1449, 1, 'PHYS301', '현대물리학및실험'),
(1450, 1, 'PHYS331', '전자기학Ⅱ'),
(1451, 1, 'PHYS361', '양자역학I'),
(1452, 1, 'PHYS433', '통계물리학Ⅱ'),
(1453, 1, 'PHYS451', '고급물리실험'),
(1454, 1, 'PHYS461', '전산물리학및실습'),
(1455, 1, 'PHYS491', '생물물리학'),
(1456, 1, 'CHEM201', '물리화학Ⅰ'),
(1457, 1, 'CHEM203', '분석화학'),
(1458, 1, 'CHEM205', '유기화학Ⅰ'),
(1459, 1, 'CHEM231', '물리화학'),
(1460, 1, 'CHEM300', '전공심화연구I'),
(1461, 1, 'CHEM305', '무기화학Ⅰ'),
(1462, 1, 'CHEM307', '생화학Ⅰ'),
(1463, 1, 'CHEM313', '물리화학실험'),
(1464, 1, 'CHEM321', '양자화학'),
(1465, 1, 'CHEM322', '물리유기화학'),
(1466, 1, 'CHEM411', '무기화학실험'),
(1467, 1, 'CHEM453', '유기분광화학'),
(1468, 1, 'CHEM455', '유기합성화학'),
(1469, 1, 'CHEM457', '나노화학'),
(1470, 1, 'CHEM461', '고분자화학I'),
(1471, 1, 'EAES003', '무제과목'),
(1472, 1, 'EAES201', '지구물질과학'),
(1473, 1, 'EAES203', '지구화학'),
(1474, 1, 'EAES205', '대기화학'),
(1475, 1, 'EAES207', '수리지질학'),
(1476, 1, 'EAES301', '구조지질학'),
(1477, 1, 'EAES303', '지구물리탐사'),
(1478, 1, 'EAES305', '변성암석학'),
(1479, 1, 'EAES307', '퇴적시스템'),
(1480, 1, 'EAES405', '응용광물학'),
(1481, 1, 'EAES409', '자연재해'),
(1482, 1, 'CRPT411', '기초암호학'),
(1483, 1, 'EGRN103', '창의설계'),
(1484, 1, 'EGRN332', '기술과창업'),
(1485, 1, 'KECE203', '전기회로Ⅰ'),
(1486, 1, 'KECE205', '전기회로실험'),
(1487, 1, 'KECE207', '디지털시스템'),
(1488, 1, 'KECE209', '확률및랜덤프로세스'),
(1489, 1, 'KECE231', '공학수학Ⅰ'),
(1490, 1, 'KECE301', '전자회로I'),
(1491, 1, 'KECE321', '통신시스템Ⅰ'),
(1492, 1, 'KECE323', '전자장'),
(1493, 1, 'KECE331', '반도체공학Ⅰ'),
(1494, 1, 'KECE343', '컴퓨터구조'),
(1495, 1, 'KECE361', '전력공학Ⅰ'),
(1496, 1, 'KECE403', '종합설계Ⅰ'),
(1497, 1, 'KECE411', '전기전자재료공학'),
(1498, 1, 'KECE499', '디지털영상처리'),
(1499, 1, 'CHBE206', '유체역학'),
(1500, 1, 'CHBE207', '물리화학'),
(1501, 1, 'CHBE209', '공업수학I'),
(1502, 1, 'CHBE223', '유기화학Ⅰ'),
(1503, 1, 'CHBE303', '반응공학'),
(1504, 1, 'CHBE304', '분리공정'),
(1505, 1, 'CHBE306', '공정제어'),
(1506, 1, 'CHBE307', '수치해석'),
(1507, 1, 'CHBE308', '반도체화학공정'),
(1508, 1, 'CHBE317', '지식경영Ⅰ'),
(1509, 1, 'CHBE339', '미생물생명공학'),
(1510, 1, 'CHBE342', '화공재료과학'),
(1511, 1, 'CHBE343', '응용생화학'),
(1512, 1, 'CHBE345', '화공생명공학연구방법및동향'),
(1513, 1, 'CHBE347', '고분자화학'),
(1514, 1, 'CHBE406', '생물분리공정'),
(1515, 1, 'CHBE421', '학부세미나Ⅰ'),
(1516, 1, 'CHBE426', '공정및제품설계'),
(1517, 1, 'CHBE471', '화공생명공학실험Ⅱ'),
(1518, 1, 'AMSE201', '물리화학I'),
(1519, 1, 'AMSE203', '재료수치해석'),
(1520, 1, 'AMSE205', '재료구조물성'),
(1521, 1, 'KECE303', '전자회로설계및실험I'),
(1522, 1, 'KECE313', '신호와시스템'),
(1523, 1, 'KECE415', '나노전자공학'),
(1524, 1, 'KECE417', '병렬컴퓨팅'),
(1525, 1, 'KECE419', '전기기기Ⅱ'),
(1526, 1, 'KECE421', '정보및부호화이론'),
(1527, 1, 'KECE423', '통신네트워크설계'),
(1528, 1, 'KECE427', '통신신호처리'),
(1529, 1, 'KECE437', 'RF공학'),
(1530, 1, 'KECE443', '객체지향프로그래밍언어및실습'),
(1531, 1, 'KECE445', '데이터베이스'),
(1532, 1, 'KECE449', '컴퓨터네트워크'),
(1533, 1, 'KECE457', '전력경제'),
(1534, 1, 'KECE461', '아날로그집적회로'),
(1535, 1, 'KECE463', 'VLSI설계및실험'),
(1536, 1, 'KECE471', '컴퓨터비젼'),
(1537, 1, 'KECE493', '반도체프로세스'),
(1538, 1, 'KECE495', '전력전자공학'),
(1539, 1, 'AMSE207', '생활속의신소재공학'),
(1540, 1, 'AMSE209', '공업수학I'),
(1541, 1, 'AMSE211', '세라믹재료개론'),
(1542, 1, 'AMSE217', '유기재료화학'),
(1543, 1, 'AMSE301', 'X-선결정학'),
(1544, 1, 'AMSE303', '전자및반도체재료공학'),
(1545, 1, 'AMSE305', '재료공학실험I'),
(1546, 1, 'AMSE423', '재료공학실험III'),
(1547, 1, 'AMSE429', '전자기학'),
(1548, 1, 'AMSE441', '산학협동강좌I'),
(1549, 1, 'AMSE461', '졸업종합설계Ⅰ'),
(1550, 1, 'ACEE121', '건축사회환경공학의미래'),
(1551, 1, 'ACEE123', '건축시스템의이해'),
(1552, 1, 'ACEE219', '환경화학'),
(1553, 1, 'ACEE221', '공업수학I'),
(1554, 1, 'ACEE227', '유체역학및실험'),
(1555, 1, 'ACEE228', '구조역학I'),
(1556, 1, 'ACEE243', '재료역학실험'),
(1557, 1, 'ACEE249', '재료역학'),
(1558, 1, 'ACEE252', '건설재료및실험'),
(1559, 1, 'ACEE261', '초고층공학'),
(1560, 1, 'ACEE269', '측량학및실습'),
(1561, 1, 'ACEE283', '제도및BIM기초설계'),
(1562, 1, 'ACEE313', '토질공학'),
(1563, 1, 'ACEE317', '철근콘크리트구조설계I'),
(1564, 1, 'ACEE321', '강구조설계I'),
(1565, 1, 'ACEE471', '건설종합설계I'),
(1566, 1, 'ACEE477', '건축구조설계론'),
(1567, 1, 'ACEE479', '유지관리론'),
(1568, 1, 'ACEE485', '사업비관리'),
(1569, 1, 'ACEE491', '태양광시스템설계'),
(1570, 1, 'IMEN204', '일반회계및원가계산'),
(1571, 1, 'IMEN213', '수리통계및실습'),
(1572, 1, 'IMEN215', '경영공학개론'),
(1573, 1, 'IMEN219', '휴먼인터페이스'),
(1574, 1, 'IMEN221', '객체지향프로그래밍및실습'),
(1575, 1, 'IMEN255', '생산시스템공학및실험'),
(1576, 1, 'IMEN315', '인간공학'),
(1577, 1, 'IMEN319', 'OR-Ⅱ및실습'),
(1578, 1, 'IMEN321', '데이터마이닝'),
(1579, 1, 'IMEN333', '생산계획'),
(1580, 1, 'IMEN335', '정보시스템설계'),
(1581, 1, 'IMEN357', '최적화이론'),
(1582, 1, 'IMEN361', '시스템공학특론-Ⅰ'),
(1583, 1, 'IMEN389', '공학현장실습Ⅰ'),
(1584, 1, 'IMEN407', '물류시스템설계'),
(1585, 1, 'IMEN415', '다변량분석'),
(1586, 1, 'IMEN457', '시스템분석'),
(1587, 1, 'IMEN460', '메타휴리스틱'),
(1588, 1, 'IMEN471', '캡스톤디자인Ⅰ'),
(1589, 1, 'MECH201', '열역학I'),
(1590, 1, 'MECH205', '고체역학I'),
(1591, 1, 'MECH209', '기계제작법및실습'),
(1592, 1, 'MECH210', '전산기이용기계제도'),
(1593, 1, 'MECH211', '기구학'),
(1594, 1, 'MECH215', '공업수학I'),
(1595, 1, 'MECH226', '동역학'),
(1596, 1, 'MECH300', '창의적기계설계:캡스톤디자인'),
(1597, 1, 'MECH311', '열전달'),
(1598, 1, 'MECH317', '공학재료학'),
(1599, 1, 'MECH323', '유체역학II'),
(1600, 1, 'MECH329', '기계공학실험I'),
(1601, 1, 'AMSE315', '재료열역학'),
(1602, 1, 'AMSE329', '나노소재'),
(1603, 1, 'AMSE331', '금속가공학'),
(1604, 1, 'AMSE333', '금속재료'),
(1605, 1, 'AMSE335', '광소재및소자'),
(1606, 1, 'AMSE385', '신소재종합설계Ⅰ'),
(1607, 1, 'AMSE403', '고분자전자재료'),
(1608, 1, 'AMSE417', '유기재료공정'),
(1609, 1, 'AMSE419', '융합기술및신소재응용'),
(1610, 1, 'ACEE323', '구조역학II'),
(1611, 1, 'ACEE325', '수치해석'),
(1612, 1, 'ACEE327', '환경공학Ⅱ'),
(1613, 1, 'ACEE331', '수문학'),
(1614, 1, 'ACEE343', '토질역학실험'),
(1615, 1, 'ACEE369', '건축시공'),
(1616, 1, 'ACEE381', '건축설계II'),
(1617, 1, 'ACEE409', '도시급배수망전산설계'),
(1618, 1, 'ACEE439', '전산구조해석입문'),
(1619, 1, 'ACEE443', '공정관리'),
(1620, 1, 'ACEE446', '가치공학'),
(1621, 1, 'MECH373', '기계진동학'),
(1622, 1, 'MECH411', '초소형기전공학'),
(1623, 1, 'MECH415', '공기조화'),
(1624, 1, 'MECH419', '에너지공학'),
(1625, 1, 'MECH421', '내연기관'),
(1626, 1, 'MECH437', '메카트로닉스'),
(1627, 1, 'MECH451', '통합설계'),
(1628, 1, 'MECH457', '수치해석'),
(1629, 1, 'MECH463', '마이크로프로세서프로그래밍'),
(1630, 1, 'MECH483', '로봇공학'),
(1631, 1, 'ARCH205', '건축과도시의이해'),
(1632, 1, 'ARCH209', '건축설계Ⅰ'),
(1633, 1, 'ARCH211', '구조의이해'),
(1634, 1, 'ARCH219', '서양건축사'),
(1635, 1, 'ARCH221', '기초설계'),
(1636, 1, 'ARCH227', '디지털스튜디오'),
(1637, 1, 'ARCH311', '건축구조계획'),
(1638, 1, 'ARCH325', '도시계획및설계'),
(1639, 1, 'ARCH327', '건축시공학'),
(1640, 1, 'ARCH329', '건축환경계획I'),
(1641, 1, 'ARCH421', '건축설계Ⅴ(캡스톤디자인)'),
(1642, 1, 'ARCH433', '도시개발'),
(1643, 1, 'ARCH439', '빌딩시스템'),
(1644, 1, 'ARCH441', '건축설계실무'),
(1645, 1, 'ARCH443', '건축마케팅'),
(1646, 1, 'ARCH447', '해외도시건축설계Ⅰ'),
(1647, 1, 'ARCH449', '건축설계Ⅶ(캡스톤디자인)'),
(1648, 1, 'MEDI225', '면역학'),
(1649, 1, 'MEDI227', '산부인과학'),
(1650, 1, 'MEDI229', '소아과학'),
(1651, 1, 'MEDI231', '감염학'),
(1652, 1, 'MEDI233', '호흡기학');
INSERT INTO `subject` (`id`, `school`, `code`, `name`) VALUES
(1653, 1, 'MEDI235', '신장학'),
(1654, 1, 'MEDI237', '정신의학'),
(1655, 1, 'MEDI239', '보건관리'),
(1656, 1, 'MEDI301', '심장내과학임상실습'),
(1657, 1, 'MEDI302', '소화기내과학임상실습'),
(1658, 1, 'MEDI303', '호흡기내과학임상실습'),
(1659, 1, 'MEDI304', '혈액종양내과학임상실습'),
(1660, 1, 'MEDI305', '신장내과학임상실습'),
(1661, 1, 'MEDI306', '감염내과학임상실습'),
(1662, 1, 'MEDI307', '내분비내과학임상실습'),
(1663, 1, 'MEDI415', '진단검사의학임상실습'),
(1664, 1, 'MEDI416', '핵의학임상실습'),
(1665, 1, 'MEDI417', '재활의학임상실습'),
(1666, 1, 'MEDI420', '병리학임상실습'),
(1667, 1, 'MEDI437', '임상의학종합Ⅲ'),
(1668, 1, 'MEDI439', '직업환경의학임상실습'),
(1669, 1, 'EDUC161', '교육철학'),
(1670, 1, 'EDUC163', '교육심리학'),
(1671, 1, 'EDUC211', '세계교육사'),
(1672, 1, 'EDUC221', '교육과정'),
(1673, 1, 'EDUC225', '교육공학'),
(1674, 1, 'EDUC230', '특수교육학개론'),
(1675, 1, 'EDUC241', '평생교육개론'),
(1676, 1, 'EDUC271', '진로진학상담'),
(1677, 1, 'EDUC281', '평생교육방법론'),
(1678, 1, 'EDUC303', '교육학교과교육론'),
(1679, 1, 'EDUC321', '초급교육통계'),
(1680, 1, 'EDUC331', '교육행정학'),
(1681, 1, 'EDUC343', '다문화교육개론'),
(1682, 1, 'EDUC363', '학교현장심리검사도구의활용'),
(1683, 1, 'EDUC453', '학습동기'),
(1684, 1, 'EDUC461', '동서양고전강독'),
(1685, 1, 'EDUC491', '기업교육론'),
(1686, 1, 'PHEK223', '골프교수법'),
(1687, 1, 'PHEK225', '육상교수법Ⅰ'),
(1688, 1, 'PHEK227', '수영교수법Ⅰ'),
(1689, 1, 'PHEK229', '체육교육개론'),
(1690, 1, 'PHEK261', '스포츠생리학'),
(1691, 1, 'PHEK263', '운동학습및심리'),
(1692, 1, 'PHEK265', '체조교수법Ⅰ'),
(1693, 1, 'PHEK267', '축구교수법'),
(1694, 1, 'PHEK269', '댄스스포츠교수법'),
(1695, 1, 'ARCH333', '건축설계Ⅲ(캡스톤디자인)'),
(1696, 1, 'ARCH401', '건축과행태'),
(1697, 1, 'ARCH403', '현대건축사'),
(1698, 1, 'ARCH413', '구조디자인'),
(1699, 1, 'PMED161', '의과학입문Ⅰ'),
(1700, 1, 'PMED163', '의학개론'),
(1701, 1, 'PMED201', '분자생물학'),
(1702, 1, 'PMED207', '기초의학통합실습Ⅱ'),
(1703, 1, 'PMED219', '의학통계학(이론및실습)'),
(1704, 1, 'MEDI103', '생화학Ⅱ'),
(1705, 1, 'MEDI123', '해부학'),
(1706, 1, 'MEDI125', '생리학'),
(1707, 1, 'MEDI127', '조직학'),
(1708, 1, 'MEDI129', '기초신경과학'),
(1709, 1, 'MEDI213', '순환기학'),
(1710, 1, 'MEDI217', '행동과학'),
(1711, 1, 'MEDI223', '임상의학Ⅰ'),
(1712, 1, 'MEDI313', '가정의학임상실습'),
(1713, 1, 'MEDI317', '영상의학임상실습'),
(1714, 1, 'MEDI321', '예방의학(환경.산업)'),
(1715, 1, 'MEDI330', '응용의학'),
(1716, 1, 'MEDI332', '의료윤리와프로페셔널리즘'),
(1717, 1, 'MEDI333', '류마티스내과학임상실습'),
(1718, 1, 'MEDI335', '임상종합이론평가Ⅰ'),
(1719, 1, 'MEDI402', '응급의학임상실습'),
(1720, 1, 'MEDI403', '신경과학임상실습'),
(1721, 1, 'MEDI405', '정형외과학임상실습'),
(1722, 1, 'MEDI406', '흉부외과학임상실습'),
(1723, 1, 'MEDI407', '성형외과학임상실습'),
(1724, 1, 'MEDI408', '신경외과학임상실습'),
(1725, 1, 'MEDI409', '안과학임상실습'),
(1726, 1, 'MEDI410', '이비인후과학임상실습'),
(1727, 1, 'MEDI411', '비뇨기과학임상실습'),
(1728, 1, 'MEDI412', '피부과학임상실습'),
(1729, 1, 'MEDI414', '마취통증의학임상실습'),
(1730, 1, 'PHEK271', '체육진로교육및상담'),
(1731, 1, 'PHEK275', '스포츠영양학'),
(1732, 1, 'PHEK303', '운동역학'),
(1733, 1, 'PHEK309', '배드민턴교수법'),
(1734, 1, 'PHEK311', '체육사.철학'),
(1735, 1, 'PHEK363', '스포츠마케팅'),
(1736, 1, 'PHEK365', '여가복지론'),
(1737, 1, 'PHEK375', '생활체육론'),
(1738, 1, 'PHEK377', '뉴스포츠교수법'),
(1739, 1, 'PHEK379', '농구교수법'),
(1740, 1, 'PHEK405', '스포츠심리기술훈련'),
(1741, 1, 'PHEK469', '코칭론'),
(1742, 1, 'PHEK475', '체육교과교재연구및지도법'),
(1743, 1, 'PHEK477', '야외활동Ⅰ'),
(1744, 1, 'PHEK479', '운동처방학'),
(1745, 1, 'PHEK481', '체육교과논리및논술'),
(1746, 1, 'SAEK205', '체육교육개론'),
(1747, 1, 'SAEK407', '스포츠일어I'),
(1748, 1, 'SAEK431', '스포츠종목별트레이닝론VII'),
(1749, 1, 'SAEK433', '대교경기VII'),
(1750, 1, 'SAEK465', '스포츠사회학'),
(1751, 1, 'SAEK471', '골프교수법'),
(1752, 1, 'HEED173', '의류학의이해'),
(1753, 1, 'HEED213', '청년발달'),
(1754, 1, 'HEED215', '아동가족연구법및실습'),
(1755, 1, 'HEED225', '가계재무관리'),
(1756, 1, 'HEED251', '식품학'),
(1757, 1, 'HEED253', '식품학실험'),
(1758, 1, 'HEED284', '영양학'),
(1759, 1, 'HEED305', '가정교과교육론'),
(1760, 1, 'HEED321', '가정경영학의이해'),
(1761, 1, 'HEED335', '복식문화사'),
(1762, 1, 'HEED337', '패션산업구조'),
(1763, 1, 'HEED351', '조리실습'),
(1764, 1, 'HEED373', '가정과문화'),
(1765, 1, 'HEED413', '부모교육'),
(1766, 1, 'HEED436', '패션정보및상품기획'),
(1767, 1, 'KLLE151', '한문학의이해'),
(1768, 1, 'KLLE201', '한국문학의이해'),
(1769, 1, 'KLLE203', '현대시선독'),
(1770, 1, 'KLLE205', '소설교육론'),
(1771, 1, 'KLLE209', '독서교육론'),
(1772, 1, 'KLLE213', '국어교과논리및논술'),
(1773, 1, 'KLLE215', '국어음운론'),
(1774, 1, 'KLLE255', '국어교과교육론'),
(1775, 1, 'KLLE305', '고대시가교육론'),
(1776, 1, 'KLLE307', '구비문학교육론'),
(1777, 1, 'KLLE311', '중등문법교육론'),
(1778, 1, 'KLLE313', '국어형태론'),
(1779, 1, 'KLLE353', '희곡교육론'),
(1780, 1, 'KLLE355', '고전문학교육론'),
(1781, 1, 'KLLE359', '화법교육론'),
(1782, 1, 'KLLE405', '문법과국어생활'),
(1783, 1, 'KLLE407', '현대문학사'),
(1784, 1, 'KLLE409', '현대문학교육론'),
(1785, 1, 'KLLE453', '훈민정음의이해'),
(1786, 1, 'MATE201', '해석학I'),
(1787, 1, 'MATE203', '선형대수I'),
(1788, 1, 'MATE205', '통계학'),
(1789, 1, 'MATE207', '미분방정식I'),
(1790, 1, 'MATE301', '현대대수I'),
(1791, 1, 'MATE303', '위상수학I'),
(1792, 1, 'MATE305', '복소수함수론I'),
(1793, 1, 'MATE307', '컴퓨터와수학교육'),
(1794, 1, 'MATE309', '미분기하I'),
(1795, 1, 'MATE401', '기하학교수이론과지도'),
(1796, 1, 'MATE406', '교사를위한이산수학'),
(1797, 1, 'MATE449', '수학교과교재연구및지도법'),
(1798, 1, 'MATE451', '정수론'),
(1799, 1, 'MATE453', '실함수론I'),
(1800, 1, 'ELED161', '영어학입문'),
(1801, 1, 'ELED162', '영어청해및회화I'),
(1802, 1, 'ELED164', '영미문학교육'),
(1803, 1, 'ELED211', '영어청해및회화II'),
(1804, 1, 'ELED216', '고급영어독해'),
(1805, 1, 'SAEK215', '스포츠심리학'),
(1806, 1, 'SAEK231', '스포츠종목별트레이닝론I'),
(1807, 1, 'SAEK233', '대교경기ㅣ'),
(1808, 1, 'SAEK241', '스포츠종목별트레이닝론lll'),
(1809, 1, 'SAEK243', '대교경기lll'),
(1810, 1, 'SAEK249', '수영교수법'),
(1811, 1, 'SAEK251', '배드민턴교수법'),
(1812, 1, 'SAEK265', '여가레크리에이션교육론'),
(1813, 1, 'SAEK267', '스포츠경영학'),
(1814, 1, 'SAEK271', '요가'),
(1815, 1, 'SAEK273', '스쿼시교수법'),
(1816, 1, 'SAEK305', '체육교과교육론'),
(1817, 1, 'SAEK309', '트레이닝방법론'),
(1818, 1, 'SAEK331', '스포츠종목별트레이닝론V'),
(1819, 1, 'SAEK333', '대교경기V'),
(1820, 1, 'SAEK369', '체육측정및평가'),
(1821, 1, 'SAEK405', '코칭론'),
(1822, 1, 'ELED217', '영어교과논리및논술'),
(1823, 1, 'ELED225', '영어음성및음운구조'),
(1824, 1, 'ELED232', '영어독해교육론'),
(1825, 1, 'ELED233', '영미문화의이해'),
(1826, 1, 'ELED241', '영미아동문학강독'),
(1827, 1, 'ELED311', '영어발표와실용영어'),
(1828, 1, 'ELED312', '영어청해및회화III'),
(1829, 1, 'ELED323', '영어발달과세계영어'),
(1830, 1, 'ELED335', '영어교과교육론'),
(1831, 1, 'ELED338', '영어교과교재연구및지도법'),
(1832, 1, 'GEOG305', '문화지리학'),
(1833, 1, 'GEOG307', '세계지리'),
(1834, 1, 'GEOG347', '지리교과교육론'),
(1835, 1, 'GEOG351', '사회지리학'),
(1836, 1, 'GEOG353', '지리교수론'),
(1837, 1, 'GEOG357', '지리조사법'),
(1838, 1, 'GEOG371', '야외지리조사V'),
(1839, 1, 'GEOG453', '유럽지리'),
(1840, 1, 'GEOG458', '지리과ICT교육론'),
(1841, 1, 'HISE161', '역사학개론'),
(1842, 1, 'HISE163', '한국사개론'),
(1843, 1, 'HISE203', '중국고대사'),
(1844, 1, 'HISE209', '일본고대사'),
(1845, 1, 'HISE305', '한국근세사'),
(1846, 1, 'HISE307', '중국근대사'),
(1847, 1, 'HISE309', '한일교섭의역사'),
(1848, 1, 'HISE311', '서양근대사'),
(1849, 1, 'HISE343', '역사교과교재연구및지도법(세계사I)'),
(1850, 1, 'HISE349', '역사교과교육론'),
(1851, 1, 'HISE355', '서양문화사'),
(1852, 1, 'HISE401', '한국현대사'),
(1853, 1, 'HISE407', '서양사특강'),
(1854, 1, 'HISE411', '한국문화사'),
(1855, 1, 'HISE451', '멀티미디어와역사교육'),
(1856, 1, 'COMP305', '언플러그드교육론'),
(1857, 1, 'COMP307', '교육용프로그래밍언어'),
(1858, 1, 'COMP325', '데이터베이스시스템'),
(1859, 1, 'COMP335', '운영체제론'),
(1860, 1, 'FADM303', '패션저널리즘'),
(1861, 1, 'MUKE201', '한국어교육개론'),
(1862, 1, 'MUKE301', '한국어교재및지도법'),
(1863, 1, 'NRSG217', '간호학개론'),
(1864, 1, 'NRSG233', '간호정보학및실습'),
(1865, 1, 'NRSG234', '간호연구방법론'),
(1866, 1, 'NRSG241', '기초간호과학II'),
(1867, 1, 'NRSG243', '기초간호과학III'),
(1868, 1, 'NRSG245', '병원미생물학'),
(1869, 1, 'NRSG251', '기초간호과학실습II'),
(1870, 1, 'NRSG253', '간호통계'),
(1871, 1, 'NRSG261', '기본간호학I'),
(1872, 1, 'NRSG265', '기본간호학실습I'),
(1873, 1, 'NRSG271', '건강사정'),
(1874, 1, 'NRSG273', '건강사정실습'),
(1875, 1, 'NRSG274', '성인간호학II'),
(1876, 1, 'NRSG425', '간호학실습입문'),
(1877, 1, 'NRSG441', '정신간호학II'),
(1878, 1, 'NRSG463', '지역보건의료체계'),
(1879, 1, 'NRSG464', '지역사회간호학개론'),
(1880, 1, 'CNCE475', '전파통신공학및실험'),
(1881, 1, 'BNCS311', '뇌및인지과학개론'),
(1882, 1, 'BNCS314', '생명물리학'),
(1883, 1, 'COSE211', '이산수학'),
(1884, 1, 'COSE213', '자료구조'),
(1885, 1, 'COSE214', '알고리즘'),
(1886, 1, 'COSE215', '계산이론'),
(1887, 1, 'COSE221', '논리설계'),
(1888, 1, 'COSE222', '컴퓨터구조'),
(1889, 1, 'COSE281', '공학수학'),
(1890, 1, 'COSE283', '회로이론'),
(1891, 1, 'COSE312', '컴파일러'),
(1892, 1, 'COSE331', '컴퓨터그래픽스'),
(1893, 1, 'COSE341', '운영체제'),
(1894, 1, 'COSE342', '컴퓨터네트워크'),
(1895, 1, 'COSE361', '인공지능'),
(1896, 1, 'ARDE200', '2D기초조형'),
(1897, 1, 'ARDE212', '디자인표현기법'),
(1898, 1, 'ARDE218', '4D컴퓨터그래픽'),
(1899, 1, 'ARDE223', '제품디자인스튜디오ㅣ'),
(1900, 1, 'ARDE225', '디자인과발상'),
(1901, 1, 'ARDE228', '재료와프로세스'),
(1902, 1, 'ARDE235', '종이&섬유'),
(1903, 1, 'ARDE257', '드로잉실기'),
(1904, 1, 'ELED341', '영미소설이해'),
(1905, 1, 'ELED414', '고급영어작문'),
(1906, 1, 'ELED421', '영문법교육론'),
(1907, 1, 'ELED431', '영어멀티미디어교육론'),
(1908, 1, 'ELED433', '영어습득론'),
(1909, 1, 'ELED434', '중등영어교육측정과평가'),
(1910, 1, 'ELED441', '영어극읽기'),
(1911, 1, 'ELED443', '영미시강독및지도연습'),
(1912, 1, 'GEOG153', '인문지리학개론'),
(1913, 1, 'GEOG171', '야외지리조사I'),
(1914, 1, 'GEOG201', '지형학'),
(1915, 1, 'GEOG202', '지도학'),
(1916, 1, 'GEOG205', '촌락지리학'),
(1917, 1, 'GEOG207', '한국지리총론'),
(1918, 1, 'GEOG271', '야외지리조사III'),
(1919, 1, 'GEOG301', '계량지리학'),
(1920, 1, 'NRSG275', '성인간호학III'),
(1921, 1, 'NRSG286', '성인간호학실습II'),
(1922, 1, 'NRSG317', '간호전문직과윤리'),
(1923, 1, 'NRSG341', '아동간호학I'),
(1924, 1, 'NRSG351', '아동간호학실습I'),
(1925, 1, 'NRSG353', '아동간호학실습II'),
(1926, 1, 'NRSG361', '모성간호학I'),
(1927, 1, 'NRSG371', '모성간호학실습I'),
(1928, 1, 'NRSG373', '모성간호학실습II'),
(1929, 1, 'NRSG380', '노인간호학'),
(1930, 1, 'COSE371', '데이터베이스'),
(1931, 1, 'COSE389', '기업가정신과리더쉽'),
(1932, 1, 'COSE395', '사물인터넷설계'),
(1933, 1, 'COSE461', '자연어처리'),
(1934, 1, 'COSE471', '데이터과학'),
(1935, 1, 'COSE482', '디지털통신이론'),
(1936, 1, 'COSE486', '정보이론'),
(1937, 1, 'COSE493', '졸업프로젝트I'),
(1938, 1, 'COSE494', '졸업프로젝트II'),
(1939, 1, 'COSE495', '현장실습I'),
(1940, 1, 'COSE496', '현장실습II'),
(1941, 1, 'COSE497', '현장실습III'),
(1942, 1, 'COSE498', '현장실습IV'),
(1943, 1, 'ISEC301', '역공학기법'),
(1944, 1, 'ISEC401', '고급해킹실습'),
(1945, 1, 'ARDE259', '평면재료기법'),
(1946, 1, 'ARDE261', '현대벽화연구'),
(1947, 1, 'ARDE263', '테라코타와조형'),
(1948, 1, 'ARDE270', '기초디자인-2D'),
(1949, 1, 'ARDE311', '제품디자인스튜디오lll'),
(1950, 1, 'ARDE313', '디자인인간요소'),
(1951, 1, 'ARDE322', '디자인방법론'),
(1952, 1, 'ARDE324', '인터랙션디자인'),
(1953, 1, 'ARDE327', '공공디자인'),
(1954, 1, 'ARDE363', '수묵의현대적모색'),
(1955, 1, 'ARDE365', '설치미술'),
(1956, 1, 'ARDE367', '회화기법연구'),
(1957, 1, 'ARDE369', '한국화-채색I'),
(1958, 1, 'DISS262', '동아시아문명의이해'),
(1959, 1, 'DISS300', '인턴쉽I'),
(1960, 1, 'DISS311', '국제금융:이론및실제'),
(1961, 1, 'DISS312', '세계화와경제개발'),
(1962, 1, 'DISS325', '국제관계특강I'),
(1963, 1, 'DISS338', '세계화와인권'),
(1964, 1, 'DISS358', '전후일본과동아시아'),
(1965, 1, 'DISS421', '북미국제관계'),
(1966, 1, 'DISS428', '에너지와국제관계'),
(1967, 1, 'DISS453', '세미나:세계화와주요이슈'),
(1968, 1, 'DISS473', '국제개발특강I'),
(1969, 1, 'DISS477', '개발협력의주요이슈'),
(1970, 1, 'JMCO203', '미디어학입문'),
(1971, 1, 'JMCO204', '미디어글쓰기'),
(1972, 1, 'JMCO224', '방송영화론'),
(1973, 1, 'JMCO225', '영상미학이론'),
(1974, 1, 'JMCO229', '조직커뮤니케이션'),
(1975, 1, 'JMCO235', '디지털사회의이해'),
(1976, 1, 'JMCO237', '광고관리론'),
(1977, 1, 'JMCO241', '퍼블릭스피치와프리젠테이션'),
(1978, 1, 'JMCO312', '국제커뮤니케이션'),
(1979, 1, 'JMCO318', '출판기획제작'),
(1980, 1, 'JMCO328', '미디어와사회변동'),
(1981, 1, 'JMCO330', '인간커뮤니케이션'),
(1982, 1, 'JMCO338', '미디어와여론'),
(1983, 1, 'JMCO340', '다큐멘타리제작실습'),
(1984, 1, 'JMCO412', '미디어캠페인기획'),
(1985, 1, 'JMCO413', '비판커뮤니케이션'),
(1986, 1, 'JMCO414', '미디어연구방법'),
(1987, 1, 'JMCO416', '미디어정책론'),
(1988, 1, 'JMCO432', '광고PR특강'),
(1989, 1, 'JMCO436', '한국의문화와미디어'),
(1990, 1, 'CYDF171', '과목7'),
(1991, 1, 'CYDF172', '과목13'),
(1992, 1, 'CYDF202', '과목6'),
(1993, 1, 'CYDF206', '과목11'),
(1994, 1, 'CYDF209', '과목16'),
(1995, 1, 'CYDF210', '과목17'),
(1996, 1, 'CYDF211', '과목18'),
(1997, 1, 'CYDF217', '과목52'),
(1998, 1, 'CYDF301', '과목27'),
(1999, 1, 'CYDF303', '과목29'),
(2000, 1, 'CYDF311', '과목37'),
(2001, 1, 'CYDF321', '과목53'),
(2002, 1, 'CYDF323', '과목79'),
(2003, 1, 'CYDF324', '과목80'),
(2004, 1, 'CYDF401', '과목54'),
(2005, 1, 'CYDF409', '과목56'),
(2006, 1, 'CYDF411', '과목55'),
(2007, 1, 'CYDF420', '과목75'),
(2008, 1, 'KHSU190', '공중보건학'),
(2009, 1, 'KHCP207', '임상화학및실험Ⅰ'),
(2010, 1, 'KHCP237', '임상미생물학및실험I'),
(2011, 1, 'KHCP311', '병리조직학및실험Ⅰ'),
(2012, 1, 'KHCP313', '임상혈액학및실험Ⅰ'),
(2013, 1, 'KHCP329', '임상생리학및실험I'),
(2014, 1, 'ARDE412', '제품시스템디자인'),
(2015, 1, 'ARDE413', '제품개발'),
(2016, 1, 'ARDE414', '디지털디자인프로젝트'),
(2017, 1, 'ARDE425', '디자인브랜딩'),
(2018, 1, 'ARDE435', '한국화스튜디오l'),
(2019, 1, 'ARDE441', '미술비평세미나'),
(2020, 1, 'ARDE442', '개념제시연구'),
(2021, 1, 'ARDE461', 'FORM&SPACE'),
(2022, 1, 'DISS114', '국제통상원론'),
(2023, 1, 'DISS122', '국제관계원론'),
(2024, 1, 'DISS140', '세계화의이해'),
(2025, 1, 'DISS212', '국제통상정책의이론과실제'),
(2026, 1, 'DISS215', '금융시장및금융기관'),
(2027, 1, 'DISS223', '국제기구론'),
(2028, 1, 'DISS230', '국제경영의이해'),
(2029, 1, 'DISS244', '유럽지역입문'),
(2030, 1, 'DISS255', '한국과국제법'),
(2031, 1, 'JMCO344', '설득커뮤니케이션'),
(2032, 1, 'JMCO347', 'PR캠페인'),
(2033, 1, 'JMCO348', '방송영화기초제작실습'),
(2034, 1, 'JMCO349', '정치커뮤니케이션'),
(2035, 1, 'JMCO354', '방송뉴스리포팅'),
(2036, 1, 'JMCO355', '다문화사회와미디어'),
(2037, 1, 'JMCO356', '온라인저널리즘실습'),
(2038, 1, 'JMCO358', '광고와창의성'),
(2039, 1, 'JMCO359', '보도사진이론및실습'),
(2040, 1, 'JMCO360', '대중문화연구'),
(2041, 1, 'JMCO361', '탐사기획보도'),
(2042, 1, 'JMCO365', '인터넷커뮤니케이션'),
(2043, 1, 'JMCO369', '광고PR제작실습'),
(2044, 1, 'JMCO371', '방송뉴스리포팅고급'),
(2045, 1, 'JMCO410', '언론정보특강'),
(2046, 1, 'KHCP427', '병원임상실습I(임상화학)'),
(2047, 1, 'KHCP431', '병원임상실습Ⅲ(임상생리학)'),
(2048, 1, 'KHCP433', '병원임상실습IV(병원조직학.진단세포학)'),
(2049, 1, 'KHCP441', '병원임상실습II(혈액학및혈액은행)'),
(2050, 1, 'KHCP443', '병원임상실습V(미생물학및면역혈청학)'),
(2051, 1, 'KHRS325', '중재적방사선학'),
(2052, 1, 'KHRS335', '영상정보학I'),
(2053, 1, 'KHRS341', '의료기기시스템'),
(2054, 1, 'KHRS417', '초음파영상학실습'),
(2055, 1, 'KHRS423', '전산화단층영상학'),
(2056, 1, 'KHPH231', '신경해부학'),
(2057, 1, 'KHPH233', '물리치료진단학(근골격계)I'),
(2058, 1, 'KHPH237', '기능해부학'),
(2059, 1, 'KHPH239', '환자관리법'),
(2060, 1, 'KHPH241', '임상운동학'),
(2061, 1, 'KHPH329', '치료인자'),
(2062, 1, 'KHPH333', '신경계물리치료'),
(2063, 1, 'KHPH335', '신경외과'),
(2064, 1, 'KHPH337', '운동치료학II(응용원리)'),
(2065, 1, 'KHPH423', '임상실습II(통증치료)'),
(2066, 1, 'KHPH425', '심호흡계물리치료'),
(2067, 1, 'KHPH429', '내과학'),
(2068, 1, 'KHPH431', '임상실습III(소아재활)'),
(2069, 1, 'KHPH433', '운동생리학'),
(2070, 1, 'KHPH481', '임상통계학'),
(2071, 1, 'KHPH483', '피부물리치료'),
(2072, 1, 'KHDL313', '치의학용어'),
(2073, 1, 'KHDL319', '교정기공학실습'),
(2074, 1, 'KHDL321', '국소의치기공학실습'),
(2075, 1, 'KHDL333', '총의치기공학실습'),
(2076, 1, 'KHDL335', '치과도재기공학실습'),
(2077, 1, 'KHFN205', '영양학'),
(2078, 1, 'KHFN219', '식품유통과마케팅'),
(2079, 1, 'KHFN311', '급식경영'),
(2080, 1, 'KHFN317', '영양판정'),
(2081, 1, 'KHFN319', '임상영양학'),
(2082, 1, 'KHFN408', '식품위생관계법규'),
(2083, 1, 'BMED201', '의학물리'),
(2084, 1, 'BMED205', '공학수학I'),
(2085, 1, 'BMED211', '생체역학'),
(2086, 1, 'BMED215', '해부학'),
(2087, 1, 'BMED217', '회로이론'),
(2088, 1, 'BMED219', '유기화학'),
(2089, 1, 'BMED221', '생체정보학'),
(2090, 1, 'BMED301', '생화학'),
(2091, 1, 'BMED303', '분자생물학'),
(2092, 1, 'BMED305', '전자회로'),
(2093, 1, 'BMED307', '생체전달시스템'),
(2094, 1, 'BMED309', '의료영상'),
(2095, 1, 'BMED311', '생체신호처리'),
(2096, 1, 'BMED313', '생체재료'),
(2097, 1, 'BMED315', '의공학실험II'),
(2098, 1, 'BMED403', '바이오포토닉스'),
(2099, 1, 'BMED407', '조직공학및재생의학'),
(2100, 1, 'BMED409', '마이크로및나노기술'),
(2101, 1, 'BMED413', '바이오센서'),
(2102, 1, 'BSMS203', '의생명과학실험I'),
(2103, 1, 'BSMS205', '유전학'),
(2104, 1, 'BSMS207', '미생물학'),
(2105, 1, 'BSMS211', '분자생물학'),
(2106, 1, 'BSMS301', '면역학'),
(2107, 1, 'BSMS305', '줄기세포생물학'),
(2108, 1, 'BSMS307', '질병영양대사'),
(2109, 1, 'BSMS311', '효소공학'),
(2110, 1, 'BSMS313', '식품미생물학'),
(2111, 1, 'BSMS315', '조리원리'),
(2112, 1, 'BSMS319', '식품학I'),
(2113, 1, 'BSMS321', '내분비학'),
(2114, 1, 'BSMS403', '신경과학'),
(2115, 1, 'BSMS405', '바이러스학'),
(2116, 1, 'BSMS407', '식품재료학'),
(2117, 1, 'BSMS409', '생물소재저장학'),
(2118, 1, 'BSMS413', '식품안전및독성학'),
(2119, 1, 'BSMS415', '식문화및스타일링'),
(2120, 1, 'BSMS419', '인체정보학'),
(2121, 1, 'KHES211', '보건환경독성학'),
(2122, 1, 'KHES213', '산업보건학'),
(2123, 1, 'KHES215', '환경보건학'),
(2124, 1, 'KHES221', '보건환경생화학'),
(2125, 1, 'KHES225', '진단화학및실험'),
(2126, 1, 'KHES227', '방사선과학'),
(2127, 1, 'KHES231', '기초수리학'),
(2128, 1, 'KHES235', '보건자료처리'),
(2129, 1, 'KHES301', '방사선생명과학'),
(2130, 1, 'KHES313', '실내환경학'),
(2131, 1, 'KHES315', '수질오염제어'),
(2132, 1, 'KHES317', '대기질관리'),
(2133, 1, 'KHES329', '신체방어시스템검사'),
(2134, 1, 'KHES331', '방사선안전분석'),
(2135, 1, 'KHES335', '감염안전관리학'),
(2136, 1, 'KHES339', '생태계와건강'),
(2137, 1, 'KHES345', '원자력기초이론'),
(2138, 1, 'KHES413', '융합보건청정기술'),
(2139, 1, 'KHES431', '작업환경측정및실험'),
(2140, 1, 'KHPM201', '보건정책관리학개론'),
(2141, 1, 'KHPM203', '보건통계학개론'),
(2142, 1, 'KHPM205', '법과보건정책관리'),
(2143, 1, 'KHPM213', '보건의료조직관리론'),
(2144, 1, 'KHPM219', '치아와건강'),
(2145, 1, 'KHPM301', '환경과건강'),
(2146, 1, 'KHPM303', '사회역학개론'),
(2147, 1, 'KHPM305', '보건프로그램계획및평가'),
(2148, 1, 'KHPM307', '보건정책학'),
(2149, 1, 'KHPM309', '보건경제학'),
(2150, 1, 'KHPM315', '기초치과재료학'),
(2151, 1, 'KHPM317', '치과보철학개론'),
(2152, 1, 'KHPM403', '역학과정책'),
(2153, 1, 'KHPM407', '국제보건론'),
(2154, 1, 'KHPM409', '헬스커뮤니케이션'),
(2155, 1, 'GEHI079', '역사는어떻게서술되는가?'),
(2156, 1, 'GEHI083', '실크로드와한국문화'),
(2157, 1, 'GEHI085', '의인물과시대'),
(2158, 1, 'GELA050', '한국현대시산책'),
(2159, 1, 'GELA053', '한국시속에살아있는독일문학'),
(2160, 1, 'GELA107', '한국고전문학과배경사상'),
(2161, 1, 'GELA131', '한국의젊은시인들'),
(2162, 1, 'GELA132', '현대음악의이해'),
(2163, 1, 'GELA133', '한시,영화와엮어읽기'),
(2164, 1, 'GELA134', '클래식음악의이해와감상'),
(2165, 1, 'GELA137', '문학의창으로본베트남'),
(2166, 1, 'GELA138', '사진과탈근대사회'),
(2167, 1, 'GECE035', '법과인권'),
(2168, 1, 'GECE041', '뇌과학의윤리적이해'),
(2169, 1, 'GECE050', '배려의철학'),
(2170, 1, 'GECE057', '논어,처음만나는한문고전'),
(2171, 1, 'GECE097', '스포츠와윤리'),
(2172, 1, 'GECE102', '도덕철학의문제들'),
(2173, 1, 'GECE103', '죽음과법'),
(2174, 1, 'GECE104', '현대적시각에서보는헬레니즘문화와기독교사상의융합'),
(2175, 1, 'GECE105', '법철학과유가사상'),
(2176, 1, 'GESO018', '생활속의지적재산권'),
(2177, 1, 'GESO019', '고령사회와법'),
(2178, 1, 'GESO051', '한국의사회변동과교육'),
(2179, 1, 'GESO053', '세계화시대의도시와국토'),
(2180, 1, 'GESO073', '인간관계론'),
(2181, 1, 'GESO101', '범죄와사회'),
(2182, 1, 'GESO108', '일본과동아시아'),
(2183, 1, 'GESO114', '국제사회와법,그리고한국'),
(2184, 1, 'GESO121', '마음의과학'),
(2185, 1, 'GESO123', '여성학'),
(2186, 1, 'GESO132', '북한사회를이해하기'),
(2187, 1, 'GESO136', '한국의시장경제와자본주의의이해'),
(2188, 1, 'GESO140', 'GeneralInternationalEconomicLaw'),
(2189, 1, 'GESO143', '중국의대외정책과동아시아국제관계'),
(2190, 1, 'GESO147', '독일문화와독일법'),
(2191, 1, 'GESO148', '세계화와지역주의'),
(2192, 1, 'GEST015', '생명의이해'),
(2193, 1, 'GEST024', '생물학적인간'),
(2194, 1, 'GEST028', '환경과사회'),
(2195, 1, 'GEST029', '자연재해의이해'),
(2196, 1, 'GEST030', '바이오산업과생명공학기술'),
(2197, 1, 'GEST036', '생활원예'),
(2198, 1, 'GEST043', '산림과환경'),
(2199, 1, 'GEST045', '인간과식량'),
(2200, 1, 'GEST055', '21C환경문제이해'),
(2201, 1, 'GEST065', '性의과학적이해'),
(2202, 1, 'GEST071', '생활속의생물학'),
(2203, 1, 'GEST078', '곰팡이와인간'),
(2204, 1, 'GEST079', '식물,인간,환경'),
(2205, 1, 'GEST083', '생명과유전의이해'),
(2206, 1, 'GEST087', '생명공학에서바라본인체의신비'),
(2207, 1, 'GEST133', '식품과건강'),
(2208, 1, 'GEST135', '과학기술의논쟁'),
(2209, 1, 'GEST136', '미생물과미래융합기술'),
(2210, 1, 'GEST137', '생물다양성과진화'),
(2211, 1, 'GEST138', '인간과동물'),
(2212, 1, 'GEST141', '기계학습의이해와응용'),
(2213, 1, 'GEST142', '실험의과학-데이터에기반한인간의감정,믿음,행동에관한이해'),
(2214, 1, 'GEST144', '컴퓨팅사고력과일상의빅데이터'),
(2215, 1, 'GEST146', '움직임과건강'),
(2216, 1, 'GEQR013', '인문사회학을위한수학'),
(2217, 1, 'GEQR039', '데이터로표현하는세상'),
(2218, 1, 'GEQR067', '하이퍼텍스트와계산가능성'),
(2219, 1, 'GEQR070', '수리소프트웨어의활용'),
(2220, 1, 'GEQR072', '과학적추론의이해'),
(2221, 1, 'GEQR073', '비이공계학생을위한물리학'),
(2222, 1, 'GETE011', '사고와표현Ⅰ'),
(2223, 1, 'KHPM411', '보건의료마케팅론'),
(2224, 1, 'KHPM413', '유헬스케어'),
(2225, 1, 'KHPM415', '치과CAD-CAM산업'),
(2226, 1, 'KHPM417', '보건산업론'),
(2227, 1, 'KHPM419', '사회정책과건강'),
(2228, 1, 'GEFC013', '언어와문화'),
(2229, 1, 'GEFC047', '사회와문화의인류학적이해'),
(2230, 1, 'GEFC066', '중국의언어와문자'),
(2231, 1, 'GEFC076', '유라시아한인문화탐방'),
(2232, 1, 'GEFC087', '번역문화'),
(2233, 1, 'GEFC091', '종교와영화'),
(2234, 1, 'GEHI016', '인물로본일본의역사'),
(2235, 1, 'GEHI033', '삼국유사의세계'),
(2236, 1, 'GEHI042', '전쟁과평화의역사'),
(2237, 1, 'GEHI059', '서양문화의사회사'),
(2238, 1, 'GEHI060', '서양고대의신화와역사'),
(2239, 1, 'GETE012', '사고와표현Ⅱ'),
(2240, 1, 'GETE013', '사고와표현Ⅱ'),
(2241, 1, 'GETE014', '사고와표현Ⅱ'),
(2242, 1, 'GETE015', '사고와표현Ⅰ'),
(2243, 1, 'GETE016', '사고와표현Ⅱ'),
(2244, 1, 'IFLS003', 'ACADEMICENGLISHI'),
(2245, 1, 'IFLS004', 'ACADEMICENGLISH∥'),
(2246, 1, 'IFLS100', 'AdvancedAcademicEnglish'),
(2247, 1, 'GEKS001', '1학년세미나'),
(2248, 1, 'JURA150', '법학통론'),
(2249, 1, 'JURA159', '기업법Ⅱ'),
(2250, 1, 'BUSS152', '회계학원리'),
(2251, 1, 'BUSS154', '경영통계'),
(2252, 1, 'BUSS163', '경영학입문'),
(2253, 1, 'ENGL107', '영어학입문'),
(2254, 1, 'ENGL108', '영미문학입문'),
(2255, 1, 'ENGL161', '글로벌커뮤니케이션I'),
(2256, 1, 'HOKA156', '한국사개론'),
(2257, 1, 'HOEW151', '동양사의재조명'),
(2258, 1, 'HOEW152', '서양사의재조명'),
(2259, 1, 'SOCI153', '사회학개론'),
(2260, 1, 'RUSS122', '러시아아방가르드와혁명'),
(2261, 1, 'HANM141', '초급한문'),
(2262, 1, 'LIBS151', '일반생물학및연습I'),
(2263, 1, 'LIBS153', '일반생물학실험I'),
(2264, 1, 'LIET151', '화학의기초및연습Ⅰ'),
(2265, 1, 'LIET155', '화학의기초실험Ⅰ'),
(2266, 1, 'CHEM153', '일반화학실험Ⅰ'),
(2267, 1, 'ENGL163', '문화간영어커뮤니케이션I'),
(2268, 1, 'PHIL153', '서양철학입문'),
(2269, 1, 'PHIL154', '동양철학입문'),
(2270, 1, 'PHIL156', '비판적사고와논리'),
(2271, 1, 'LIBS150', '생명과학'),
(2272, 1, 'LIET153', '생물통계학'),
(2273, 1, 'LESE151', '식품자원경제학개론'),
(2274, 1, 'LESE153', '시장과경제'),
(2275, 1, 'LESE155', '응용경제수학'),
(2276, 1, 'POLI152', '정치학의기본탐구'),
(2277, 1, 'POLI161', '정치학원론'),
(2278, 1, 'ECON151', '세계와한국경제'),
(2279, 1, 'STAT161', '통계적탐구'),
(2280, 1, 'STAT170', '기초통계학'),
(2281, 1, 'PAPP151', '행정학원론'),
(2282, 1, 'CHEM155', '일반화학실험'),
(2283, 1, 'EAES153', '지구환경과학실험I'),
(2284, 1, 'PHYS161', '일반물리학실험Ⅰ'),
(2285, 1, 'MATH161', '미적분학및연습I'),
(2286, 1, 'MATH162', '미적분학및연습II'),
(2287, 1, 'PHYS151', '일반물리학및연습Ⅰ'),
(2288, 1, 'CHEM151', '일반화학및연습Ⅰ'),
(2289, 1, 'CHEM157', '일반화학'),
(2290, 1, 'EAES151', '지구환경과학및연습I'),
(2291, 1, 'ARCH203', '건축학개론'),
(2292, 1, 'EGRN150', '공업역학'),
(2293, 1, 'EGRN151', '컴퓨터언어및실습'),
(2294, 1, 'PHEK150', '운동처방의이론과실제'),
(2295, 1, 'SAEK153', '스포츠의학개론'),
(2296, 1, 'HEED197', '결혼과가족'),
(2297, 1, 'GEOG151', '지리학입문'),
(2298, 1, 'HISE131', '한국역사와문화입문'),
(2299, 1, 'HISE132', '중국역사와문화입문'),
(2300, 1, 'HISE133', '일본역사와문화입문'),
(2301, 1, 'HISE134', '서양문화사입문'),
(2302, 1, 'NRSG159', '건강의사소통'),
(2303, 1, 'COSE101', '컴퓨터프로그래밍I'),
(2304, 1, 'COSE111', '전산수학I'),
(2305, 1, 'PHYS191', '생명물리학실험'),
(2306, 1, 'PHYS183', '생명물리학및연습'),
(2307, 1, 'CHEM150', '일반화학및연습'),
(2308, 1, 'EGRN153', '공업통계'),
(2309, 1, 'EGRN200', '투자경제성분석'),
(2310, 1, 'IMEN151', '선형대수'),
(2311, 1, 'ARDE113', '미술과문화'),
(2312, 1, 'ARDE115', '현대디자인의이해'),
(2313, 1, 'ARDE117', '미디어와예술언어'),
(2314, 1, 'ARDE119', '한국미술걸작개론'),
(2315, 1, 'ARDE125', '현대아시아미술개론'),
(2316, 1, 'ARDE127', '자연미학과미술의시공간'),
(2317, 1, 'ARDE151', '미술감상'),
(2318, 1, 'ARDE153', '현대미술론'),
(2319, 1, 'ARDE158', '디자인론'),
(2320, 1, 'ARDE183', '한국미술감상과비평'),
(2321, 1, 'DISS115', '경제학입문'),
(2322, 1, 'DISS123', '정치학입문'),
(2323, 1, 'KHHM101', '사회와건강'),
(2324, 1, 'KHHM103', '공중보건의역사'),
(2325, 1, 'CYDF150', '과목1'),
(2326, 1, 'CYDF155', '과목49'),
(2327, 1, 'IFLS257', '영상일본어'),
(2328, 1, 'IFLS258', '비즈니스일본어'),
(2329, 1, 'IFLS259', '일본어작문Ⅰ'),
(2330, 1, 'IFLS261', '일본어독해Ⅰ'),
(2331, 1, 'IFLS263', '아카데믹일본어Ⅰ'),
(2332, 1, 'IFLS267', '스페인어회화'),
(2333, 1, 'IFLS269', '스페인어문법Ⅰ'),
(2334, 1, 'IFLS274', '비즈니스중국어'),
(2335, 1, 'IFLS289', '영상스페인어'),
(2336, 1, 'IFLS290', '비즈니스스페인어'),
(2337, 1, 'IFLS298', '비즈니스독일어'),
(2338, 1, 'IFLS308', '미디어영어'),
(2339, 1, 'IFLS309', '비즈니스영어'),
(2340, 1, 'IFLS319', '영어발표와연설'),
(2341, 1, 'IFLS320', '영어를통한비판적사고'),
(2342, 1, 'IFLS322', '영상독일어'),
(2343, 1, 'IFLS324', '독일어CEFR(AII-I)'),
(2344, 1, 'JURA101', '시장경제와법'),
(2345, 1, 'BUSS151', '현대기업경영'),
(2346, 1, 'KORE107', '한국고전의세계'),
(2347, 1, 'KORE117', '비교문학의이해'),
(2348, 1, 'KORE119', '한국문학과세계문학'),
(2349, 1, 'KORE128', '한국근대문학과영화'),
(2350, 1, 'KORE129', '한국민요와대중가요'),
(2351, 1, 'KORE134', '아동청소년문학의이해'),
(2352, 1, 'IFLS150', '영어통역과번역'),
(2353, 1, 'IFLS156', '고급영어토론'),
(2354, 1, 'IFLS162', '기업영어실습'),
(2355, 1, 'IFLS177', '시사중국어'),
(2356, 1, 'IFLS179', '영상중국어'),
(2357, 1, 'IFLS180', '실용중국어작문'),
(2358, 1, 'IFLS210', '시사영어'),
(2359, 1, 'IFLS225', '프랑스어독해Ⅰ'),
(2360, 1, 'IFLS227', '불영번역연습'),
(2361, 1, 'IFLS235', '중급스페인어회화'),
(2362, 1, 'IFLS256', '시사일본어'),
(2363, 1, 'IFLS299', '독일어문법'),
(2364, 1, 'IFLS302', '영어읽기와토론I'),
(2365, 1, 'IFLS304', '고급영문법'),
(2366, 1, 'IFLS305', '실용영어읽기와쓰기'),
(2367, 1, 'IFLS306', '학술영작문-인문사회계'),
(2368, 1, 'IFLS307', '학술영작문-자연계'),
(2369, 1, 'KORE137', '학업한국어말하기'),
(2370, 1, 'KORE139', '학업한국어듣기'),
(2371, 1, 'KORE141', '한국어의역사'),
(2372, 1, 'KORE146', '한국어의사소통능력과리더십'),
(2373, 1, 'KORE153', '한국현대문학의쟁점들'),
(2374, 1, 'KORE154', '한국고전문학과역사기행'),
(2375, 1, 'KORE155', '문학과여성'),
(2376, 1, 'KORE156', '한국어어문규범의이해와적용'),
(2377, 1, 'KORE157', '한국근대문학과도시'),
(2378, 1, 'ENGL101', '영미단편강독'),
(2379, 1, 'ENGL111', '영미대중문학읽기'),
(2380, 1, 'PHIL101', '문학과철학'),
(2381, 1, 'PHIL132', '라틴어'),
(2382, 1, 'PHIL133', '산스크리트어'),
(2383, 1, 'PHIL140', '미학입문'),
(2384, 1, 'PHIL141', '논리학입문'),
(2385, 1, 'PHIL143', '동양예술의철학적이해'),
(2386, 1, 'PHIL145', '불교와현대사회'),
(2387, 1, 'PHIL146', '한국고전의철학적이해'),
(2388, 1, 'HOKA101', '과학과기술로본한국사'),
(2389, 1, 'HOKA102', '서울지역의향토문화'),
(2390, 1, 'HOKA103', '한국전통문화의이해'),
(2391, 1, 'HOKA112', '한국인의역사인식'),
(2392, 1, 'HOEW128', '서양문명사산책'),
(2393, 1, 'HOEW130', '주제로본서양문화사'),
(2394, 1, 'PSYC110', '심리학의이해'),
(2395, 1, 'PSYC121', '현대인의정신건강'),
(2396, 1, 'SOCI111', '현대사회와가족'),
(2397, 1, 'SOCI113', '사회복지의이해'),
(2398, 1, 'SOCI114', '정보사회론'),
(2399, 1, 'SOCI115', '현대사회와NGO'),
(2400, 1, 'SOCI116', '성과사회'),
(2401, 1, 'SOCI123', '한국현대사회의이해'),
(2402, 1, 'CHIN105', '중국문학산책'),
(2403, 1, 'CHIN120', '중국어번역연습'),
(2404, 1, 'RUSS103', '러시아문화의이해'),
(2405, 1, 'HANM110', '동양의지혜'),
(2406, 1, 'HANM120', '생활한자'),
(2407, 1, 'HANM133', '교양한문Ⅰ'),
(2408, 1, 'EGRN203', '과학기술과지식재산'),
(2409, 1, 'EGRN204', '특허정보검색및실습'),
(2410, 1, 'PHEK101', '축구'),
(2411, 1, 'PHEK102', '호신술'),
(2412, 1, 'PHEK103', '수영'),
(2413, 1, 'PHEK104', '스쿼시'),
(2414, 1, 'PHEK105', '테니스'),
(2415, 1, 'PHEK110', '스포츠댄스'),
(2416, 1, 'PHEK114', '빙상'),
(2417, 1, 'PHEK118', '농구'),
(2418, 1, 'PHEK120', '배드민턴'),
(2419, 1, 'PHEK123', '요가'),
(2420, 1, 'PHIL103', '경제와윤리'),
(2421, 1, 'PHIL109', '철학이란무엇인가?'),
(2422, 1, 'PHIL111', '서양사상의이해'),
(2423, 1, 'PHIL117', '서양사상TopicCourse'),
(2424, 1, 'PHIL120', '그리스신화와비극'),
(2425, 1, 'PHIL121', '한국사상산책'),
(2426, 1, 'PHIL122', '문화의철학적이해'),
(2427, 1, 'PHIL124', '현대사회의윤리적쟁점들'),
(2428, 1, 'PHIL125', '과학의철학적이해'),
(2429, 1, 'PHIL129', '영상예술의철학적이해'),
(2430, 1, 'PHIL131', '희랍어'),
(2431, 1, 'HOKA114', '한국근현대민족운동사'),
(2432, 1, 'HOKA115', '한국역사의국제적환경'),
(2433, 1, 'HOKA118', '한국역사상의전쟁과평화'),
(2434, 1, 'HOKA122', '조선왕조실록의세계'),
(2435, 1, 'HOKA153', '한국사와개혁운동'),
(2436, 1, 'HOKA154', '삼국사기와고려사의이해'),
(2437, 1, 'HOEW101', '동아시아문명사'),
(2438, 1, 'HOEW115', '유럽지성사'),
(2439, 1, 'HOEW121', '실크로드와동서문화교류'),
(2440, 1, 'HOEW123', '중국여성사'),
(2441, 1, 'HOEW125', '한일교류의역사'),
(2442, 1, 'HOEW127', '중국근현대의개혁과혁명'),
(2443, 1, 'SOCI124', '여가와사회'),
(2444, 1, 'GERM136', '독일의대안문화'),
(2445, 1, 'GERM137', '독일문학의탐색'),
(2446, 1, 'GERM138', '독일여성문학'),
(2447, 1, 'GERM139', '독일예술의이해'),
(2448, 1, 'GERM140', '독일연극의이해'),
(2449, 1, 'GERM141', '독일문화와종교'),
(2450, 1, 'GERM142', '독일예술과신화'),
(2451, 1, 'GERM143', '독일도시와문학'),
(2452, 1, 'GERM144', '독일소설과사회'),
(2453, 1, 'FRAN133', '프랑스문화탐색'),
(2454, 1, 'FRAN134', '프랑스문학탐색'),
(2455, 1, 'FRAN135', '프랑스역사와사회탐색'),
(2456, 1, 'FRAN136', '프랑스공연예술탐색'),
(2457, 1, 'FRAN137', '프랑스영화탐색'),
(2458, 1, 'FRAN138', '광고로보는프랑스미술사'),
(2459, 1, 'LING101', '언어의이해'),
(2460, 1, 'LING142', '언어와시각커뮤니케이션'),
(2461, 1, 'LING146', '언어의응용'),
(2462, 1, 'POLI101', '북한의정치와사회'),
(2463, 1, 'POLI103', '한국과국제사회'),
(2464, 1, 'POLI104', '현대정치와이데올로기'),
(2465, 1, 'POLI105', '현대민주주의의미래'),
(2466, 1, 'POLI107', '한국정치의이해'),
(2467, 1, 'POLI108', '국제정치의이해'),
(2468, 1, 'ECON110', '경제학개론'),
(2469, 1, 'PAPP111', '정부와나'),
(2470, 1, 'EGRN111', '기술경영및전략'),
(2471, 1, 'PHEK107', '골프'),
(2472, 1, 'PHEK108', '볼링'),
(2473, 1, 'PHEK124', '암벽등반'),
(2474, 1, 'PHEK126', '피트니스앤헬스'),
(2475, 1, 'PHEK128', '탁구'),
(2476, 1, 'PHEK130', '현대인의몸과문화'),
(2477, 1, 'PHEK131', '캠핑과안전'),
(2478, 1, 'SPFL126', '이탈리아의언어와문화'),
(2479, 1, 'SPGE107', '낭만파음악산책'),
(2480, 1, 'SPGE108', '판소리의이해'),
(2481, 1, 'SPGE112', '기초음악이론'),
(2482, 1, 'SPGE113', '이슬람문화와역사'),
(2483, 1, 'SPGE115', '오페라의세계'),
(2484, 1, 'SPGE129', '사회봉사의이론과실제'),
(2485, 1, 'SPGE164', '환대산업'),
(2486, 1, 'SPGE166', '기초음악작곡법'),
(2487, 1, 'SPGE175', '한국의역사와문화유산'),
(2488, 1, 'SPGE176', '한국의역사와문화'),
(2489, 1, 'SPGE194', 'CampusCEO2.0(Ⅰ)'),
(2490, 1, 'SPGE195', 'CampusCEO2.0(Ⅱ)'),
(2491, 1, 'SPGE197', '글로벌현장실습Ⅰ'),
(2492, 1, 'SPGE198', '글로벌현장실습Ⅱ'),
(2493, 1, 'IFLS109', '한국어초급Ⅱ'),
(2494, 1, 'IFLS110', '한국어중급Ⅰ'),
(2495, 1, 'IFLS111', '한국어중급Ⅱ'),
(2496, 1, 'IFLS112', '한국어고급Ⅰ'),
(2497, 1, 'IFLS240', '한국어초급말하기I'),
(2498, 1, 'HEED101', '청년발달과자기이해'),
(2499, 1, 'HEED103', '한국의복식과미'),
(2500, 1, 'HEED121', '다문화사회에서의가정'),
(2501, 1, 'HEED123', '대학생을위한바른식생활'),
(2502, 1, 'GEOG101', '도시와국토'),
(2503, 1, 'GEOG102', '자연과인간생활'),
(2504, 1, 'HISE102', '근대화와동아시아세계'),
(2505, 1, 'HISE103', '쟁점으로보는한국사'),
(2506, 1, 'HISE104', '전통시대동양의법과사회'),
(2507, 1, 'COSE156', '모두를위한파이썬프로그래밍'),
(2508, 1, 'SPFL107', '말레이인도네시아의언어와문화'),
(2509, 1, 'SPFL111', '몽골의언어와문화'),
(2510, 1, 'SPFL117', '포르투갈-브라질의언어와문화'),
(2511, 1, 'SPFL125', '아랍의언어와문화'),
(2512, 1, 'SPGE199', '글로벌현장실습Ⅲ'),
(2513, 1, 'SPGE200', '산학연계인턴십Ⅰ'),
(2514, 1, 'SPGE201', '산학연계인턴십Ⅱ'),
(2515, 1, 'SPGE202', '산학연계인턴십Ⅲ'),
(2516, 1, 'SPGE206', '캠퍼스CEO글로벌시장진출전략'),
(2517, 1, 'SPGE207', '혁신트렌드와비즈니스모델'),
(2518, 1, 'SPGE208', '생애설계와자기이해'),
(2519, 1, 'SPGE209', '한국음악의세계'),
(2520, 1, 'SPGE210', '자유정의진리Ⅰ'),
(2521, 1, 'IFLS108', '한국어초급Ⅰ'),
(2522, 1, 'IFLS241', '한국어초급말하기II'),
(2523, 1, 'IFLS242', '한국어중급말하기'),
(2524, 1, 'IFLS243', '한국어중급읽기'),
(2525, 1, 'IFLS245', '한국어초급쓰기'),
(2526, 1, 'IFLS246', '한국어중급쓰기'),
(2527, 1, 'IFLS284', '한국어전문가과정미디어수업Ⅰ'),
(2528, 1, 'IFLS126', '교양중국어중급'),
(2529, 1, 'IFLS127', '교양러시아어초급'),
(2530, 1, 'IFLS252', '교양일본어Ⅰ'),
(2531, 1, 'IFLS296', '교양스페인어초급'),
(2532, 1, 'IFLS297', '교양스페인어중급'),
(2533, 1, 'IFLS328', '교양독일어초급'),
(2534, 1, 'IFLS283', '고급영어'),
(2535, 1, 'IFLS294', '전공스페인어Ⅰ'),
(2536, 1, 'IFLS295', '전공스페인어Ⅱ'),
(2537, 1, 'IFLS313', '전공러시아어Ⅰ'),
(2538, 1, 'IFLS326', '전공독일어Ⅰ'),
(2539, 1, 'IFLS330', '전공영어I'),
(2540, 1, 'SEDU101', '교육학개론'),
(2541, 1, 'SEDU103', '교육심리'),
(2542, 1, 'SEDU104', '교육사회'),
(2543, 1, 'SEDU202', '교육철학및교육사'),
(2544, 1, 'SEDU204', '교육방법및교육공학'),
(2545, 1, 'SEDU205', '교육과정'),
(2546, 1, 'SEDU206', '교육평가'),
(2547, 1, 'SEDU309', '특수교육학개론'),
(2548, 1, 'SEDU313', '교육행정및교육경영'),
(2549, 1, 'SEDU330', '학교폭력예방및학생의이해'),
(2550, 1, 'SEDU408', '학교현장실습'),
(2551, 1, 'SEDU409', '학교현장실습(해외한국학교)'),
(2552, 1, 'SEDU410', '학교현장실습(해외인턴십)'),
(2553, 1, 'LIBS393', '생물교과교육론'),
(2554, 1, 'SCED303', '과학교과논리및논술'),
(2555, 1, 'PHYS391', '물리교과교육론'),
(2556, 1, 'CHEM391', '화학교과교육론'),
(2557, 1, 'IFLS285', '한국어전문가과정미디어수업Ⅱ'),
(2558, 1, 'IFLS286', '한국전문가과정인턴십Ⅰ'),
(2559, 1, 'IFLS125', '교양중국어초급'),
(2560, 1, 'IFLS253', '교양일본어Ⅱ'),
(2561, 1, 'IFLS275', '교양프랑스어초급'),
(2562, 1, 'IFLS276', '교양프랑스어중급'),
(2563, 1, 'IFLS329', '교양독일어중급'),
(2564, 1, 'IFLS250', '전공중국어Ⅰ'),
(2565, 1, 'IFLS254', '전공일본어Ⅰ'),
(2566, 1, 'IFLS277', '전공프랑스어I'),
(2567, 1, 'IFLS278', '전공프랑스어II'),
(2568, 1, 'SEDU208', '생활지도및상담'),
(2569, 1, 'SEDU209', '교직적성론'),
(2570, 1, 'SEDU210', '교육봉사'),
(2571, 1, 'SEDU217', '다문화교육을위한기초한국어교육론'),
(2572, 1, 'SEDU303', '교직실무'),
(2573, 1, 'EAES311', '지질학'),
(2574, 1, 'EAES391', '지구과학교과교육론'),
(2575, 1, 'GEMS101', '군사학Ⅰ'),
(2576, 1, 'GEMS103', '군사학Ⅲ');

--
-- 덤프된 테이블의 인덱스
--

--
-- 테이블의 인덱스 `admin`
--
ALTER TABLE `admin`
  ADD PRIMARY KEY (`id`);

--
-- 테이블의 인덱스 `language`
--
ALTER TABLE `language`
  ADD PRIMARY KEY (`id`);

--
-- 테이블의 인덱스 `request`
--
ALTER TABLE `request`
  ADD PRIMARY KEY (`id`);

--
-- 테이블의 인덱스 `school`
--
ALTER TABLE `school`
  ADD PRIMARY KEY (`id`);

--
-- 테이블의 인덱스 `subject`
--
ALTER TABLE `subject`
  ADD PRIMARY KEY (`id`);

--
-- 덤프된 테이블의 AUTO_INCREMENT
--

--
-- 테이블의 AUTO_INCREMENT `admin`
--
ALTER TABLE `admin`
  MODIFY `id` int(11) NOT NULL AUTO_INCREMENT;
--
-- 테이블의 AUTO_INCREMENT `language`
--
ALTER TABLE `language`
  MODIFY `id` int(11) NOT NULL AUTO_INCREMENT, AUTO_INCREMENT=6;
--
-- 테이블의 AUTO_INCREMENT `request`
--
ALTER TABLE `request`
  MODIFY `id` int(11) NOT NULL AUTO_INCREMENT, AUTO_INCREMENT=25;
--
-- 테이블의 AUTO_INCREMENT `school`
--
ALTER TABLE `school`
  MODIFY `id` int(11) NOT NULL AUTO_INCREMENT, AUTO_INCREMENT=3;
--
-- 테이블의 AUTO_INCREMENT `subject`
--
ALTER TABLE `subject`
  MODIFY `id` int(11) NOT NULL AUTO_INCREMENT, AUTO_INCREMENT=2577;
/*!40101 SET CHARACTER_SET_CLIENT=@OLD_CHARACTER_SET_CLIENT */;
/*!40101 SET CHARACTER_SET_RESULTS=@OLD_CHARACTER_SET_RESULTS */;
/*!40101 SET COLLATION_CONNECTION=@OLD_COLLATION_CONNECTION */;
